best_des,best_exp,best_idx,best_logp,cycle,depth,genotype,logp_below_-40,logp_positive,n_cells,n_obj,n_subG,n_subG_zero_dng,n_subG_zero_photon,n_valid,phase,run,sub_dng_med,sub_dng_min,sub_phot_med,sub_phot_min,sub_pnr_max,target
"[4.0, 4.999955018643928, 15.99978374647269, 4.03156563799131]",0.43401972550044654,10213,-4.759115399898693,c0,d3,B30F,0,0,20250,2,40,0,0,6955,A_b30f,output/experiments/B30F_c30_a0p00_b1p00/20260710-083850_p64_i4000,4.014214173017596,3.219737050166347,13.999845041663633,9.99970562279944,9.999926093656459,a0p00_b1p00
"[3.0, 7.999934148684463, 17.99967859393092, 4.115361006216665]",0.4202902482142451,8456,-4.041922602212054,c0,d3,B30F,0,0,20250,2,73,0,0,6774,A_b30f,output/experiments/B30F_c30_a0p00_b1p00/20260710-112456_p64_i4000,4.11710248775838,3.485706506538752,15.999756919846785,9.99981657683788,9.999921315520766,a0p00_b1p00
"[3.0, 7.999934147980847, 17.999678587185297, 4.115692689034191]",0.4202556114953607,8456,-4.041921299672552,c0,d3,B30F,0,0,20250,2,75,0,0,6608,A_b30f,output/experiments/B30F_c30_a0p00_b1p00/20260710-140156_p64_i4000,4.1322286243149104,3.731169707193935,15.999686322869472,11.999750769687598,9.999910767046787,a0p00_b1p00
"[3.0, 7.999934147980847, 17.999678587185297, 4.115692689034191]",0.4202556114953607,8455,-4.041921299672552,c0,d4,B30F,0,0,38250,2,49,0,0,5555,A_b30f,output/experiments/B30F_c30_a0p00_b1p00/20260710-222142_p64_i1500,4.117892368529926,3.4038546219502432,15.999694798155467,13.99968316629591,9.999920279873686,a0p00_b1p00
"[2.0, 9.999917505676814, 17.99984596459469, 4.146195752019834]",0.4150631150414952,6657,-3.105915728530137,c0,d4,B30F,0,0,38250,2,68,0,0,5510,A_b30f,output/experiments/B30F_c30_a0p00_b1p00/20260710-235558_p64_i1500,4.1291382782681865,3.4210590641838916,15.999862340883169,11.99960575052723,9.999928322628778,a0p00_b1p00
"[2.0, 9.999917505676848, 17.99984596459476, 4.146195747897213]",0.41506311480361857,6655,-3.1059157285301278,c0,d4,B30F,0,0,38250,2,43,0,0,5754,A_b30f,output/experiments/B30F_c30_a0p00_b1p00/20260711-012132_p64_i1500,4.170703428270709,3.7287981073991077,16.999822008498732,13.99984683126139,9.999917505676848,a0p00_b1p00
"[2.0, 9.999917505676848, 17.99984596459476, 4.146195747897213]",0.41506311480361874,6655,-3.1059157285301278,c0,d5,B30F,0,0,74250,2,76,0,0,4740,A_b30f,output/experiments/B30F_c30_a0p00_b1p00/20260711-065000_p64_i800,4.174770006648551,3.7260285588373776,15.999865553330359,11.999836429847678,9.999919434546241,a0p00_b1p00
"[4.0, 9.999869334557978, 17.999753415979896, 4.154983707706753]",0.41250161283634273,11157,-4.811400934793687,c0,d5,B30F,0,0,74250,2,64,0,0,4649,A_b30f,output/experiments/B30F_c30_a0p00_b1p00/20260711-083717_p64_i800,4.175358859529794,3.7892951242915434,15.999867224683745,13.99981610241359,9.9999447309619,a0p00_b1p00
"[4.0, 9.999869334407846, 21.998161987295617, 4.1549940251422175]",0.41250059586038346,11246,-5.0608926472554545,c0,d5,B30F,0,0,74250,2,51,0,0,4561,A_b30f,output/experiments/B30F_c30_a0p00_b1p00/20260711-101027_p64_i800,4.1547705407110875,3.4743794924874356,17.999753415682164,8.999810540051039,9.999943762240093,a0p00_b1p00
"[1.0, 6.990198865677151, 6.990198865677151, 1.4176681339134634]",0.7196772865276411,3771,-1.1060886477386558,c0,d3,B30F,0,0,20250,2,0,,,6649,A_b30f,output/experiments/B30F_c30_a1p00_b1p00/20260702-203252_p64_i4000,,,,,,a1p00_b1p00
"[6.0, 4.99878323004724, 13.99790542472518, 3.5953560835423852]",0.6889549854630408,14665,-5.320565707592102,c0,d3,B30F,0,0,20250,2,0,,,6526,A_b30f,output/experiments/B30F_c30_a1p00_b1p00/20260703-001439_p64_i4000,,,,,,a1p00_b1p00
"[4.0, 7.999278714186313, 19.996762211879958, 3.035082924730231]",0.6432457707463032,10750,-5.137489081329154,c0,d3,B30F,0,0,20250,2,1,0,0,6188,A_b30f,output/experiments/B30F_c30_a1p00_b1p00/20260703-035038_p64_i4000,3.035082924730231,3.035082924730231,19.996762211879958,19.996762211879958,7.999278714186313,a1p00_b1p00
"[4.0, 7.999278714163216, 19.996762211660357, 3.0350388749587687]",0.6431712790991375,10750,-5.13748908495015,c0,d3,B30F,0,0,20250,2,1,0,0,6214,A_b30f,output/experiments/B30F_c30_a1p00_b1p00/20260703-072355_p64_i4000,3.0350388749587687,3.0350388749587687,19.996762211660357,19.996762211660357,7.999278714163216,a1p00_b1p00
"[3.0, 0.9993081368423086, 1.9935039646649906, 1.4185419898358993]",0.7194606023539739,6830,-0.9969337190491514,c0,d4,B30F,0,0,38250,2,0,,,5406,A_b30f,output/experiments/B30F_c30_a1p00_b1p00/20260704-000439_p64_i1500,,,,,,a1p00_b1p00
"[4.0, 7.999278714175182, 19.99676221171776, 3.035038881594071]",0.6431712782091634,10750,-5.137489076518516,c0,d4,B30F,0,0,38250,2,5,0,0,5361,A_b30f,output/experiments/B30F_c30_a1p00_b1p00/20260704-021020_p64_i1500,3.035038881594071,3.035038881594071,19.99676221171776,19.99676221171776,7.999278714175182,a1p00_b1p00
"[2.0, 9.999853723052968, 19.999693809485983, 3.930010712775676]",0.5736451406536249,6703,-3.333631665852996,c0,d4,B30F,0,0,38250,2,9,0,0,5298,A_b30f,output/experiments/B30F_c30_a1p00_b1p00/20260704-035823_p64_i1500,3.0350388749587687,3.0350388749587687,19.996762211660357,19.996762211660357,9.999853723052968,a1p00_b1p00
"[2.0, 9.999867140536926, 19.99973106064097, 4.235378475847]",0.5004081647331051,6702,-3.221569772423786,c0,d4,B30F,0,0,38250,2,3,0,0,5385,A_b30f,output/experiments/B30F_c30_a1p00_b1p00/20260704-054652_p64_i1500,4.235378475847,4.0403159373206705,19.99973106064097,17.999697696491197,9.999867140536926,a1p00_b1p00
"[2.0, 9.999883004321216, 19.999765209430244, 4.270697037720879]",0.4926305816949832,6700,-3.2087917488872955,c0,d4,B30F,0,0,38250,2,8,0,0,5260,A_b30f,output/experiments/B30F_c30_a1p00_b1p00/20260704-073738_p64_i1500,4.023365688213137,3.8612779516797993,19.999765209430244,17.99978876840844,9.999883004321216,a1p00_b1p00
"[5.0, 9.999836232768281, 22.9994934099524, 4.152633664691969]",0.4880629585870298,13499,-5.782915376171451,c0,d4,B30F,0,0,38250,2,41,0,0,5439,A_b30f,output/experiments/B30F_c30_a1p00_b1p00/20260704-093500_p64_i1500,4.176877316576235,3.714649896662367,19.99976487364576,17.999786789800496,9.999883001721116,a1p00_b1p00
"[5.0, 9.999836343111566, 22.942922546043864, 4.1463157520244405]",0.47765573515058574,13496,-5.78155605201615,c0,d4,B30F,0,0,38250,2,41,0,0,5166,A_b30f,output/experiments/B30F_c30_a1p00_b1p00/20260704-113209_p64_i1500,4.1477579800775555,3.80857137012665,19.99976487364576,17.998545999358473,9.99988243682532,a1p00_b1p00
"[4.0, 9.99983450646826, 21.939803481987987, 4.169891394342269]",0.45614531934989394,11249,-4.938109560254918,c0,d4,B30F,0,0,38250,2,36,0,0,5162,A_b30f,output/experiments/B30F_c30_a1p00_b1p00/20260704-133016_p64_i1500,4.135748640195375,3.967493480111214,20.942955274398493,17.99970210861531,9.999836343111454,a1p00_b1p00
"[4.0, 9.999833451651567, 21.939694967080076, 4.335022158238878]",0.4458881142601187,11247,-4.937418008030122,c0,d4,B30F,0,0,38250,2,28,0,0,5191,A_b30f,output/experiments/B30F_c30_a1p00_b1p00/20260704-152923_p64_i1500,4.188769791650397,3.6976824388839695,21.45663798558099,17.999700338727703,9.999883937064746,a1p00_b1p00
"[4.0, 9.999833453456722, 21.10486532303446, 4.3350201054067306]",0.4458890854219483,11201,-4.937418008030122,c0,d4,B30F,0,0,38250,2,41,0,0,5301,A_b30f,output/experiments/B30F_c30_a1p00_b1p00/20260704-172737_p64_i1500,4.187779247703798,3.940285645632276,20.94933991328625,17.999621645196402,9.999833521519648,a1p00_b1p00
"[4.0, 9.999833397143753, 21.939384826334418, 4.206494492436441]",0.43259368193449577,11248,-4.937418008030122,c0,d4,B30F,0,0,38250,2,35,0,0,5237,A_b30f,output/experiments/B30F_c30_a1p00_b1p00/20260704-193113_p64_i1500,4.185574055914099,3.9217960796170033,20.984887784358325,17.99970033873607,9.999853924492925,a1p00_b1p00
"[5.0, 9.999526986805478, 21.853694029792383, 4.267429563171397]",0.4291235578579415,13498,-5.775668755073564,c0,d4,B30F,0,0,38250,2,37,0,0,5422,A_b30f,output/experiments/B30F_c30_a1p00_b1p00/20260704-214402_p64_i1500,4.156466328662249,3.921825746749226,19.999666635185058,17.99979458016199,9.99988599862175,a1p00_b1p00
"[5.0, 9.999526986767622, 21.85369401473418, 4.236044918175107]",0.4237594145798273,13498,-5.77572167163564,c0,d4,B30F,0,0,38250,2,32,0,0,5351,A_b30f,output/experiments/B30F_c30_a1p00_b1p00/20260705-000217_p64_i1500,4.189215028726684,3.9844830730449914,21.028478709906885,17.999705404208257,9.999836335671255,a1p00_b1p00
"[5.0, 9.999526986767622, 21.85369401473418, 4.237452120964388]",0.42362462715247945,13497,-5.775717836288945,c0,d4,B30F,0,0,38250,2,36,0,0,5332,A_b30f,output/experiments/B30F_c30_a1p00_b1p00/20260705-022029_p64_i1500,4.18908033345129,3.5906961614181956,19.999666635177263,17.99962223576506,9.999866665167529,a1p00_b1p00
"[5.0, 9.999700570276755, 21.925679243054727, 4.150169240104011]",0.4247795952168441,13499,-5.744460651790591,c0,d4,B30F,0,0,38250,2,33,0,0,5236,A_b30f,output/experiments/B30F_c30_a1p00_b1p00/20260705-043403_p64_i1500,4.150169240104011,3.9379878575413905,19.999666635177263,17.99970004373966,9.999835522151743,a1p00_b1p00
"[5.0, 9.99970057031401, 21.925501134106714, 4.148674566190682]",0.42481558850030077,13498,-5.744460650611438,c0,d4,B30F,0,0,38250,2,33,0,0,5188,A_b30f,output/experiments/B30F_c30_a1p00_b1p00/20260705-065226_p64_i1500,4.182628686005419,3.9958966177655917,21.639957973667887,17.99969989958565,9.99983784903622,a1p00_b1p00
"[2.0, 5.999913961984587, 11.999827923969175, 3.982092211297756]",0.6222316518303181,5666,-2.6225611147436267,c0,d5,B30F,0,0,74250,2,2,0,0,4914,A_b30f,output/experiments/B30F_c30_a1p00_b1p00/20260705-164542_p64_i800,3.982092211297756,3.982092211297756,11.999827923969175,11.999827923969175,5.999913961984587,a1p00_b1p00
"[5.0, 9.999700570626667, 21.923054245899838, 4.187402408602317]",0.4281116847360367,13498,-5.744456078139785,c0,d5,B30F,0,0,74250,2,27,0,0,4413,A_b30f,output/experiments/B30F_c30_a1p00_b1p00/20260705-190337_p64_i800,4.198735430076496,3.7320328181632405,19.999688072223236,17.998753822971032,9.999846182092858,a1p00_b1p00
"[5.0, 9.999700570626667, 21.923054245899838, 4.166197639060968]",0.4261928758022305,13495,-5.744456060278898,c0,d5,B30F,0,0,74250,2,24,0,0,4495,A_b30f,output/experiments/B30F_c30_a1p00_b1p00/20260705-210523_p64_i800,4.155327930206493,4.100038874324202,21.028478711558126,20.97326232828216,9.999833612160536,a1p00_b1p00
"[2.0, 1.9924737116005216, 3.9849474228509685, 1.4172885389075156]",0.7194833605014216,5075,-0.8581462857576603,c1,d3,B30F,0,0,20250,2,0,,,6554,A_b30f,output/experiments/B30F_c30_a1p00_b1p00/20260706-082126_p64_i4000,,,,,,a1p00_b1p00
"[1.0, 5.97783597750444, 5.97783597750444, 1.41858194949791]",0.7196121421071444,3275,-0.6030705984588958,c1,d3,B30F,0,0,20250,2,0,,,6501,A_b30f,output/experiments/B30F_c30_a1p00_b1p00/20260706-121336_p64_i4000,,,,,,a1p00_b1p00
"[3.0, 5.525535314756858, 11.157465355496434, 1.408466220087356]",0.7200011761323135,7866,-3.260414302124787,c1,d4,B30F,0,0,38250,2,0,,,5838,A_b30f,output/experiments/B30F_c30_a1p00_b1p00/20260707-100223_p64_i1500,,,,,,a1p00_b1p00
"[4.0, 9.999701407689118, 21.04084015503561, 4.156083916257998]",0.4056529097443193,11202,-4.94986135199715,c1,d4,B30F,0,0,38250,2,41,0,0,5150,A_b30f,output/experiments/B30F_c30_a1p00_b1p00/20260707-121847_p64_i1500,4.183055584494891,3.901760640452359,21.04084015503561,17.999704752911583,9.999836501680363,a1p00_b1p00
"[4.0, 9.999701407696177, 21.040840118192808, 4.156083920949964]",0.4056529078421515,11203,-4.949861351997146,c1,d4,B30F,0,0,38250,2,42,0,0,5315,A_b30f,output/experiments/B30F_c30_a1p00_b1p00/20260707-134748_p64_i1500,4.1869320641409775,3.933332302576277,20.999220807707825,17.99970225395411,9.999834585533534,a1p00_b1p00
"[6.0, 4.824700410935672, 7.9757760960051, 1.4108655323494024]",0.7196416939102968,14570,-5.286416348531654,c1,d5,B30F,0,0,74250,2,0,,,4804,A_b30f,output/experiments/B30F_c30_a1p00_b1p00/20260707-185304_p64_i800,,,,,,a1p00_b1p00
"[4.0, 9.999701407689734, 21.040840118184835, 4.156083921682162]",0.4056529078480135,11200,-4.949861351997133,c1,d5,B30F,0,0,74250,2,19,0,0,4504,A_b30f,output/experiments/B30F_c30_a1p00_b1p00/20260707-202905_p64_i800,4.2027639391426135,4.1560839216821375,21.887649432504368,21.040840118184835,9.999834397569492,a1p00_b1p00
"[4.0, 9.999701407689734, 21.040840118184835, 4.156083921682162]",0.4056529078480135,11200,-4.949861351997133,c1,d5,B30F,0,0,74250,2,19,0,0,4504,A_b30f,output/experiments/B30F_c30_a1p00_b1p00/20260707-220320_p64_i800,4.2027639391426135,4.1560839216821375,21.887649432504368,21.040840118184835,9.999834397569492,a1p00_b1p00
"[4.0, 5.867485848423844, 9.843945221516607, 1.6084068270341674]",1.0016419390228486,10120,-3.170331756971956,c0,d3,B30F,0,0,20250,2,0,,,6982,A_b30f,output/experiments/B30F_c30_a1p41_b1p41/20260706-170118_p64_i4000,,,,,,a1p41_b1p41
"[4.0, 8.88348321714389, 8.8902531546612, 1.6271117975196923]",1.001405998398516,10975,-3.4148480237215333,c0,d3,B30F,0,0,20250,2,0,,,6620,A_b30f,output/experiments/B30F_c30_a1p41_b1p41/20260706-194324_p64_i4000,,,,,,a1p41_b1p41
"[2.0, 7.999933922044659, 15.999867844089318, 4.603583867086666]",0.8738833369778897,6162,-2.8015749723914727,c0,d3,B30F,0,0,20250,2,4,0,0,6413,A_b30f,output/experiments/B30F_c30_a1p41_b1p41/20260706-221602_p64_i4000,4.617528011187927,4.603583867086666,15.999853088822313,15.999838333555306,7.999933922044659,a1p41_b1p41
"[2.0, 7.999933911182467, 15.999867822364934, 4.6035916689134595]",0.8737658102003517,6162,-2.801574987041425,c0,d3,B30F,0,0,20250,2,4,0,0,6627,A_b30f,output/experiments/B30F_c30_a1p41_b1p41/20260707-004832_p64_i4000,4.631481589019362,4.6035916689134595,15.999838324742571,15.999838324742571,7.999933911182467,a1p41_b1p41
"[2.0, 9.999874638266425, 19.99974927653285, 4.38376758297483]",0.7006447715509561,6704,-3.0970844824334653,c0,d4,B30F,0,0,38250,2,21,0,0,5923,A_b30f,output/experiments/B30F_c30_a1p41_b1p41/20260708-063615_p64_i1500,4.406515496980521,4.322705432701973,19.999710492562453,17.99973944331482,9.999903105880295,a1p41_b1p41
"[5.0, 9.999695528732586, 21.999205670603228, 4.352094599757837]",0.6687292334767951,13496,-5.754065452783977,c0,d4,B30F,0,0,38250,2,52,0,0,5865,A_b30f,output/experiments/B30F_c30_a1p41_b1p41/20260708-081138_p64_i1500,4.352094599757839,3.772489343030159,18.71872781662217,13.99967631500056,9.99991563505486,a1p41_b1p41
"[5.0, 9.999632342301924, 20.673631224015978, 4.378158040281264]",0.6675654041667642,13451,-5.744088846145153,c0,d4,B30F,0,0,38250,2,55,0,0,5973,A_b30f,output/experiments/B30F_c30_a1p41_b1p41/20260708-093705_p64_i1500,4.352100425175255,3.7988280478903924,17.999761478636792,15.999448554169113,9.999868568188875,a1p41_b1p41
"[5.0, 9.999632342280348, 20.673631215265125, 4.378158049509661]",0.6675654038620624,13450,-5.744088845900791,c0,d4,B30F,0,0,38250,2,57,0,0,5829,A_b30f,output/experiments/B30F_c30_a1p41_b1p41/20260708-110218_p64_i1500,4.352100425173589,3.812991758646941,17.99981989993224,13.999560168929971,9.999889989496765,a1p41_b1p41
"[5.0, 5.999905356594345, 13.999777626342542, 3.960648249833463]",0.7129895935665482,12416,-5.3966795028189045,c0,d5,B30F,0,0,74250,2,14,0,0,4843,A_b30f,output/experiments/B30F_c30_a1p41_b1p41/20260708-174049_p64_i800,3.960648249833463,3.9606482498334525,13.999777626342542,13.999667905333782,5.999905356594345,a1p41_b1p41
"[5.0, 9.999632342280348, 20.673631215265125, 4.378158009383672]",0.6675654038620625,13450,-5.744088845900791,c0,d5,B30F,0,0,74250,2,24,0,0,4839,A_b30f,output/experiments/B30F_c30_a1p41_b1p41/20260708-192722_p64_i800,4.352100425173589,3.8129792043082062,20.673631215265125,17.999338216091523,9.99980738206403,a1p41_b1p41
"[5.0, 9.99964218051311, 21.999063887937258, 4.416366950295426]",0.6669198938601297,13495,-5.743386830537469,c0,d5,B30F,0,0,74250,2,38,0,0,4894,A_b30f,output/experiments/B30F_c30_a1p41_b1p41/20260708-210024_p64_i800,4.38907357770502,3.8424725641288884,19.999620251114997,15.99952371067519,9.999821703381679,a1p41_b1p41
"[5.0, 9.999642180489829, 20.70148911830169, 4.41636673180853]",0.6669174721543771,13450,-5.743386829932025,c0,d5,B30F,0,0,74250,2,36,0,0,4879,A_b30f,output/experiments/B30F_c30_a1p41_b1p41/20260708-223318_p64_i800,4.366364185680583,3.8397551358451008,19.99962025107775,17.999355917538416,9.999876478529666,a1p41_b1p41
"[3.0, 7.999956622623324, 23.999718512439138, 4.828723142721039]",0.8400293896512965,8546,-4.250227185006521,c1,d3,B30F,0,0,20250,2,4,0,0,6828,A_b30f,output/experiments/B30F_c30_a1p41_b1p41/20260709-070439_p64_i4000,4.829003916980675,4.828723142721039,23.999718550923625,23.999718512439138,7.999956622623324,a1p41_b1p41
"[3.0, 7.961308618932929, 11.947175353763267, 1.6212228718920216]",1.0014046251619735,8365,-2.6203186961284506,c1,d3,B30F,0,0,20250,2,0,,,6428,A_b30f,output/experiments/B30F_c30_a1p41_b1p41/20260709-094250_p64_i4000,,,,,,a1p41_b1p41
"[2.0, 9.999874638266425, 19.99974927653285, 4.38376758297483]",0.7006447715509561,6704,-3.0970844824334653,c1,d4,B30F,0,0,38250,2,21,0,0,5923,A_b30f,output/experiments/B30F_c30_a1p41_b1p41/20260709-203845_p64_i1500,4.406515496980521,4.322705432701973,19.999710492562453,17.99973944331482,9.999903105880295,a1p41_b1p41
"[4.0, 3.9686754220394627, 6.195429109802257, 1.6278148549946867]",1.0016491655058597,10030,-2.239466216887662,c1,d4,B30F,0,0,38250,2,0,,,5758,A_b30f,output/experiments/B30F_c30_a1p41_b1p41/20260709-220646_p64_i1500,,,,,,a1p41_b1p41
"[5.0, 5.999905356594345, 13.999777626342542, 3.960648249833463]",0.7129895935665482,12416,-5.3966795028189045,c1,d5,B30F,0,0,74250,2,14,0,0,4843,A_b30f,output/experiments/B30F_c30_a1p41_b1p41/20260710-043834_p64_i800,3.960648249833463,3.9606482498334525,13.999777626342542,13.999667905333782,5.999905356594345,a1p41_b1p41
"[5.0, 9.99964218153657, 22.322337275474002, 4.416367760136378]",0.6669098308474267,13495,-5.7433868299006825,c1,d5,B30F,0,0,74250,2,26,0,0,4847,A_b30f,output/experiments/B30F_c30_a1p41_b1p41/20260710-061227_p64_i800,4.389073661191915,3.9452306663009438,20.701488660752688,17.99946445554035,9.999810126537032,a1p41_b1p41
"[5.0, 9.99964218153657, 21.9990638895624, 4.416367760136406]",0.6669098308469942,13498,-5.743386829900657,c1,d5,B30F,0,0,74250,2,32,0,0,4765,A_b30f,output/experiments/B30F_c30_a1p41_b1p41/20260710-074553_p64_i800,4.389074242592745,3.885831469425309,20.350446651130305,17.999374518853987,9.999810126532712,a1p41_b1p41
"[2.0, 9.998815952919722, 12.998787207977157, 2.1518457033855065]",1.1201750331903368,6566,-2.8133449147438423,c0,d3,B30F,0,0,20250,2,0,,,6979,A_b30f,output/experiments/B30F_c30_a2p73_b1p41/20260702-210624_p64_i4000,,,,,,a2p73_b1p41
"[3.0, 8.999907969167017, 22.999738005751595, 5.198185600639377]",1.0096595639041495,8995,-4.066045282099959,c0,d3,B30F,0,0,20250,2,5,0,0,6396,A_b30f,output/experiments/B30F_c30_a2p73_b1p41/20260703-005408_p64_i4000,5.198185600639377,5.198185600639377,22.999738005751595,22.999738005751595,8.999907969167017,a2p73_b1p41
"[4.0, 5.999896005906053, 13.999731728288406, 2.697346454477832]",0.9506806693797556,10165,-4.341885365504188,c0,d3,B30F,0,0,20250,2,17,0,0,6158,A_b30f,output/experiments/B30F_c30_a2p73_b1p41/20260703-042633_p64_i4000,2.697346454477832,1.403809928585113,13.999731728288406,11.998594984365482,8.999907969164871,a2p73_b1p41
"[3.0, 7.99989706293335, 15.999807610173796, 4.105972596723118]",0.6173914119534155,8410,-3.711748031755118,c0,d3,B30F,0,0,20250,2,28,0,0,6224,A_b30f,output/experiments/B30F_c30_a2p73_b1p41/20260703-080238_p64_i4000,3.8259670516219115,1.403809931151541,15.998828131820463,5.9999206026150675,9.99984297901874,a2p73_b1p41
"[3.0, 7.999891076091259, 15.999797133855553, 4.037681128354134]",0.5951960274940162,8414,-3.741612063252108,c0,d3,B30F,0,0,20250,2,34,0,0,6032,A_b30f,output/experiments/B30F_c30_a2p73_b1p41/20260703-113330_p64_i4000,3.9516305885902945,1.314367153617921,17.999632488240156,5.999920602615069,9.999913139745887,a2p73_b1p41
"[3.0, 7.9998910760898925, 15.999797133853031, 4.037681123682205]",0.5951960275154858,8410,-3.7416120622311206,c0,d3,B30F,0,0,20250,2,34,0,0,6024,A_b30f,output/experiments/B30F_c30_a2p73_b1p41/20260703-150725_p64_i4000,3.9029264584031456,1.314367139790157,17.999634846750702,12.999579506344475,9.999873758030212,a2p73_b1p41
"[4.0, 7.9998910760898925, 16.999790594196597, 4.037681123682255]",0.5932506814309603,10705,-5.152329626180074,c0,d4,B30F,0,0,38250,2,45,0,0,5229,A_b30f,output/experiments/B30F_c30_a2p73_b1p41/20260704-071602_p64_i1500,4.037681123682255,3.1633203287093723,16.99971454950111,15.999722417643664,9.999923657356874,a2p73_b1p41
"[4.0, 7.9998910760898925, 15.999797133853031, 4.037681123682251]",0.5932506814309666,10660,-4.745735536704446,c0,d4,B30F,0,0,38250,2,74,0,0,5412,A_b30f,output/experiments/B30F_c30_a2p73_b1p41/20260704-092202_p64_i1500,4.037681123682248,1.3143671398281995,15.999797133853031,12.999579506338836,9.999913630234794,a2p73_b1p41
"[4.0, 7.999891919045212, 15.999798710671916, 4.037479498698154]",0.5911937439737882,10662,-4.748345185664771,c0,d5,B30F,0,0,74250,2,21,0,0,4538,A_b30f,output/experiments/B30F_c30_a2p73_b1p41/20260704-185844_p64_i800,4.037477043366229,1.3143671398281995,15.999722417643664,11.999758300857883,9.999714015720485,a2p73_b1p41
"[4.0, 7.999851198761347, 15.999722417643664, 4.100084196195377]",0.5788361752888526,10661,-4.584158150068752,c0,d5,B30F,0,0,74250,2,44,0,0,4546,A_b30f,output/experiments/B30F_c30_a2p73_b1p41/20260704-212609_p64_i800,3.8499823406463554,1.1424152377677048,13.999760124691996,5.9999459581575305,9.999778713953255,a2p73_b1p41
"[3.0, 5.99990311737796, 13.999765827586755, 4.020305167277515]",0.5754837025617355,7916,-3.5204738676722505,c0,d5,B30F,0,0,74250,2,24,0,0,4719,A_b30f,output/experiments/B30F_c30_a2p73_b1p41/20260704-233438_p64_i800,2.6489570274964453,1.3143671398281995,13.36081963821766,3.998976877130392,9.999714015720485,a2p73_b1p41
"[3.0, 5.99990311737796, 13.999765827586755, 4.020305167277515]",0.5754837025617355,7915,-3.5204738676722505,c0,d5,B30F,0,0,74250,2,31,0,0,4713,A_b30f,output/experiments/B30F_c30_a2p73_b1p41/20260705-014302_p64_i800,4.494433214745545,1.3143671398281995,15.999800362596037,3.999915522975234,9.999888160560102,a2p73_b1p41
"[2.0, 9.999239175722225, 10.99609002561594, 2.1269993487293912]",1.063846858919002,6524,-3.79085875037901,c1,d3,B30F,0,0,20250,2,5,0,0,6247,A_b30f,output/experiments/B30F_c30_a2p73_b1p41/20260705-124321_p64_i4000,1.9064529118234093,1.3595469222131975,11.999749984997091,10.98911840532073,9.999239175722225,a2p73_b1p41
"[4.0, 4.999907428510904, 11.999758113221866, 3.0447701725697627]",0.9330996382023058,10169,-4.243927342286501,c1,d3,B30F,0,0,20250,2,15,0,0,6527,A_b30f,output/experiments/B30F_c30_a2p73_b1p41/20260705-165810_p64_i4000,2.9521071601951325,1.3595469222131975,11.999766716914054,9.999325133298054,5.999957680496212,a2p73_b1p41
"[4.0, 4.9999131734724775, 11.999769612954056, 1.8448646835622438]",1.029760762872634,10167,-4.225109842229899,c1,d3,B30F,0,0,20250,2,11,0,0,6434,A_b30f,output/experiments/B30F_c30_a2p73_b1p41/20260705-211049_p64_i4000,1.8448646835622438,1.3595469222131975,11.999766716914054,11.999594389275472,5.999866433217906,a2p73_b1p41
"[3.0, 7.99990223574785, 9.999866934085796, 3.9812847245241407]",0.7541066827215231,8322,-3.2643945317838714,c1,d4,B30F,0,0,38250,2,62,0,0,5613,A_b30f,output/experiments/B30F_c30_a2p73_b1p41/20260706-110648_p64_i1500,3.748285283920781,1.3595469222131975,14.999507552775377,5.999905652762959,9.999633067852164,a2p73_b1p41
"[4.0, 7.999902264790057, 9.999866965786495, 3.9801372937117865]",0.7533225441910532,10574,-4.135759881830787,c1,d4,B30F,0,0,38250,2,68,0,0,5582,A_b30f,output/experiments/B30F_c30_a2p73_b1p41/20260706-125649_p64_i1500,3.9801439797590223,1.3595469222131975,12.999846477217467,7.9998907770022205,9.999923809319032,a2p73_b1p41
"[4.0, 7.999902264790057, 9.999866965786495, 3.9801372937117865]",0.7533225441910532,10574,-4.135759881830787,c1,d4,B30F,0,0,38250,2,68,0,0,5582,A_b30f,output/experiments/B30F_c30_a2p73_b1p41/20260706-145025_p64_i1500,3.9801439797590223,1.3595469222131975,12.999846477217467,7.9998907770022205,9.999923809319032,a2p73_b1p41
"[3.0, 5.999858643087392, 13.999667905333782, 3.9955097548546377]",0.559279299758846,7915,-3.518708865711116,c1,d5,B30F,0,0,74250,2,46,0,0,4813,A_b30f,output/experiments/B30F_c30_a2p73_b1p41/20260706-211150_p64_i800,3.9955097548546235,1.4762440749615227,13.999667905333782,3.999915522975234,9.999930121104232,a2p73_b1p41
"[4.0, 5.999905356594591, 13.999777626343121, 3.9606482496420465]",0.5580748951032408,10168,-4.484614298547609,c1,d5,B30F,0,0,74250,2,28,0,0,4621,A_b30f,output/experiments/B30F_c30_a2p73_b1p41/20260706-231729_p64_i800,3.9606482496420465,1.4762440749615184,11.999846396315066,3.999915522975234,7.9999390470530045,a2p73_b1p41
"[4.0, 5.999905356594591, 13.999777626343121, 3.9606482496420465]",0.5580748951032408,10168,-4.484614298547609,c1,d5,B30F,0,0,74250,2,28,0,0,4621,A_b30f,output/experiments/B30F_c30_a2p73_b1p41/20260707-011924_p64_i800,3.9606482496420465,1.4762440749615184,11.999846396315066,3.999915522975234,7.9999390470530045,a2p73_b1p41
"[3.0, 7.999934147980847, 17.999678587185297, 4.115692689034191]",0.4202556114953607,8455,-4.041921299672552,c0,d3,B30,0,0,20250,2,82,0,0,7577,B_b30,output/experiments/B30_c30_a0p00_b1p00/20260710-163928_p64_i4000,4.08124055007948,3.2741497377467326,15.999615101200863,7.999566221155753,9.999918184317869,a0p00_b1p00
"[3.0, 7.999934147980847, 17.999678587185297, 4.115692689034191]",0.4202556114953607,8455,-4.041921299672552,c0,d3,B30,0,0,20250,2,98,0,0,7506,B_b30,output/experiments/B30_c30_a0p00_b1p00/20260710-192621_p64_i4000,4.090427572441367,3.293804630355438,13.999885418590463,5.9998679411662925,9.999940883263825,a0p00_b1p00
"[3.0, 7.999945047438787, 17.99976642624037, 4.206864879101534]",0.423717751728903,64,-4.1146395720507725,c0,d3,B30,0,0,65,2,9,0,0,65,C_adam0,output/experiments/B30_c30_a0p00_b1p00/20260710-220622_p64_i300,4.168564411549664,4.127847285991104,15.99985932157269,15.999716708004685,9.999918521962364,a0p00_b1p00
"[3.0, 7.999945047438787, 17.99976642624037, 4.206864879101534]",0.423717751728903,64,-4.1146395720507725,c0,d3,B30,0,0,65,2,9,0,0,65,C_adam1,output/experiments/B30_c30_a0p00_b1p00/20260710-220631_p64_i300,4.168564411549664,4.127847285991104,15.99985932157269,15.999716708004685,9.999918521962364,a0p00_b1p00
"[3.0, 7.9999458153133975, 17.999770802013295, 4.209277599605002]",0.4238918836929158,64,-4.108119356883963,c0,d3,B30,0,0,65,2,9,0,0,65,C_adam0,output/experiments/B30_c30_a0p00_b1p00/20260710-221622_p64_i300,4.154219889334065,3.970092433925288,15.999873238405717,9.999844466671629,9.99989669632448,a0p00_b1p00
"[3.0, 7.9999458153133975, 17.999770802013295, 4.209277599605002]",0.4238918836929158,64,-4.108119356883963,c0,d3,B30,0,0,65,2,9,0,0,65,C_adam1,output/experiments/B30_c30_a0p00_b1p00/20260710-221630_p64_i300,4.154219889334065,3.970092433925288,15.999873238405717,9.999844466671629,9.99989669632448,a0p00_b1p00
"[2.0, 9.999917505561331, 17.999845964370518, 4.1462098534897205]",0.415063980106103,6655,-3.105915725797835,c0,d4,B30,0,0,38250,2,58,0,0,9895,B_b30,output/experiments/B30_c30_a0p00_b1p00/20260711-024742_p64_i1500,4.075479453127899,3.567278935290756,17.961154954414372,7.999901282345196,9.999948138442768,a0p00_b1p00
"[2.0, 9.999917505561331, 17.999845964370518, 4.1462098534897205]",0.415063980106103,6655,-3.105915725797835,c0,d4,B30,0,0,38250,2,65,0,0,9946,B_b30,output/experiments/B30_c30_a0p00_b1p00/20260711-042542_p64_i1500,4.109108182917135,3.3580198951081153,15.999867950068158,7.99985066197324,9.999928155140626,a0p00_b1p00
"[2.0, 9.99991722216036, 17.999848356622255, 4.190769245810074]",0.4281241053119675,64,-3.1284614886593647,c0,d4,B30,0,0,65,2,9,0,0,64,C_adam0,output/experiments/B30_c30_a0p00_b1p00/20260711-055540_p64_i300,4.1002056379887115,4.012251281551551,13.99990080510875,11.999916570678822,9.99992164218903,a0p00_b1p00
"[2.0, 9.99991722216036, 17.999848356622255, 4.190769245810074]",0.4281241053119675,64,-3.1284614886593647,c0,d4,B30,0,0,65,2,9,0,0,64,C_adam1,output/experiments/B30_c30_a0p00_b1p00/20260711-055548_p64_i300,4.1002056379887115,4.012251281551551,13.99990080510875,11.999916570678822,9.99992164218903,a0p00_b1p00
"[2.0, 9.999931251664075, 17.999874169861926, 4.190902744939667]",0.42810065748992554,64,-3.120258636338019,c0,d4,B30,0,0,65,2,9,0,0,65,C_adam1,output/experiments/B30_c30_a0p00_b1p00/20260711-061108_p64_i300,4.138853023781522,3.9733179064537136,15.999762383440231,11.999845124814938,9.999931575603076,a0p00_b1p00
"[2.0, 9.999921575190196, 17.99985650639816, 4.191700970022762]",0.4279798419320872,1,-3.1236558116786477,c0,d4,B30,0,0,65,2,9,0,0,65,C_adam0,output/experiments/B30_c30_a0p00_b1p00/20260711-062052_p64_i300,4.136555275684376,3.9701865375064944,15.99976530288728,11.999854429751611,9.999935458455628,a0p00_b1p00
"[2.0, 9.999923969708652, 17.999860865928962, 4.1925542981923485]",0.42797235767469616,64,-3.121046171277229,c0,d4,B30,0,0,65,2,9,0,0,65,C_adam0,output/experiments/B30_c30_a0p00_b1p00/20260711-063036_p64_i300,4.130055243381756,4.059644111367698,15.99980533012927,13.999827877633722,9.999934099497862,a0p00_b1p00
"[2.0, 9.999923969708652, 17.999860865928962, 4.1925542981923485]",0.42797235767469616,64,-3.121046171277229,c0,d4,B30,0,0,65,2,9,0,0,65,C_adam1,output/experiments/B30_c30_a0p00_b1p00/20260711-063037_p64_i300,4.130055243381756,4.059644111367698,15.99980533012927,13.999827877633722,9.999934099497862,a0p00_b1p00
"[2.0, 9.999934336562937, 17.999879950271062, 4.192935592647977]",0.42807047419032684,64,-3.1154901025851927,c0,d4,B30,0,0,65,2,9,0,0,65,C_adam0,output/experiments/B30_c30_a0p00_b1p00/20260711-064018_p64_i300,4.1358810709377,4.059137714972863,15.999784103304789,13.999832190854404,9.999934363096212,a0p00_b1p00
"[1.0, 5.991599040708267, 5.991599040708267, 1.4173474290175208]",0.7196239880589798,3276,-0.8505954899308281,c0,d3,B30,0,0,20250,2,0,,,6860,B_b30,output/experiments/B30_c30_a1p00_b1p00/20260703-105643_p64_i4000,,,,,,a1p00_b1p00
"[6.0, 5.999874983088704, 11.99972974018796, 3.4523639691967674]",0.6634950172518708,14665,-4.642688917714401,c0,d3,B30,0,0,20250,2,1,0,0,6569,B_b30,output/experiments/B30_c30_a1p00_b1p00/20260703-144834_p64_i4000,3.4523639691967674,3.4523639691967674,11.99972974018796,11.99972974018796,5.999874983088704,a1p00_b1p00
"[6.0, 5.999874983087816, 11.999729740200108, 3.452364103374924]",0.6634950649716477,14665,-4.642688933680355,c0,d3,B30,0,0,20250,2,2,0,0,6693,B_b30,output/experiments/B30_c30_a1p00_b1p00/20260703-182940_p64_i4000,3.452364103374924,3.452364103374924,11.999729740200108,11.999729740200108,5.999874983087816,a1p00_b1p00
"[1.0, 0.9999832589201302, 1.9999528522807288, 1.3778258107791614]",0.7380800302387666,64,-3.73301005108012,c0,d3,B30,0,0,65,2,0,,,65,C_adam0,output/experiments/B30_c30_a1p00_b1p00/20260703-220449_p64_i300,,,,,,a1p00_b1p00
"[1.0, 0.99998460180841, 1.9999566651986291, 1.3802261250235113]",0.7380895551920714,64,-3.6941706228054696,c0,d3,B30,0,0,65,2,0,,,65,C_adam1,output/experiments/B30_c30_a1p00_b1p00/20260703-220457_p64_i300,,,,,,a1p00_b1p00
"[3.0, 7.9996705211235115, 10.99932558768206, 3.819556993868421]",0.49451407649151885,64,-3.2281401477646607,c0,d3,B30,0,0,65,2,6,0,0,65,C_adam0,output/experiments/B30_c30_a1p00_b1p00/20260703-221842_p64_i300,3.8201749456716882,3.6809401270351714,11.99869945253867,10.999317467573693,7.999789337740253,a1p00_b1p00
"[6.0, 5.9998580188669655, 11.999708358571036, 3.682043026282411]",0.5041800068542718,64,-4.624359202098061,c0,d3,B30,0,0,65,2,6,0,0,65,C_adam1,output/experiments/B30_c30_a1p00_b1p00/20260703-221851_p64_i300,3.7549184597496046,3.6701686538543274,11.999415667618045,11.997577745258063,7.999796999481905,a1p00_b1p00
"[3.0, 7.999720374876462, 11.999599499586104, 3.949824777184862]",0.4641770536366124,64,-3.3978659012976906,c0,d3,B30,0,0,65,2,5,0,0,65,C_adam0,output/experiments/B30_c30_a1p00_b1p00/20260703-222606_p64_i300,3.742998424461126,3.682500669880138,11.99959298776961,10.999293833288542,7.999720374876462,a1p00_b1p00
"[3.0, 7.999549041776749, 10.999110181808694, 3.801341265831663]",0.4930949949731641,64,-3.3099258681040515,c0,d3,B30,0,0,65,2,5,0,0,65,C_adam1,output/experiments/B30_c30_a1p00_b1p00/20260703-222613_p64_i300,3.7453638653911145,3.6813888827063987,10.999329758304567,10.999110181808694,7.999600931519703,a1p00_b1p00
"[3.0, 7.9995680268941, 12.999172665651846, 3.994492251622713]",0.45519868120823304,64,-3.553170258809445,c0,d3,B30,0,0,65,2,6,0,0,65,C_adam0,output/experiments/B30_c30_a1p00_b1p00/20260703-223325_p64_i300,3.873814004479293,3.7404328090141448,11.49935105813299,10.998967807422636,7.999650723747733,a1p00_b1p00
"[3.0, 7.999642946960984, 11.99949826636643, 3.9528253834142184]",0.4632577273620762,64,-3.4073193040358554,c0,d3,B30,0,0,65,2,6,0,0,65,C_adam1,output/experiments/B30_c30_a1p00_b1p00/20260703-223329_p64_i300,3.8728166249826526,3.736142403164605,11.49888135976818,10.99887202837284,7.999642946960984,a1p00_b1p00
"[3.0, 8.999712694797132, 13.999528651865917, 4.009600994550134]",0.4509908169487088,64,-3.587859092771009,c0,d3,B30,0,0,65,2,8,0,0,65,C_adam0,output/experiments/B30_c30_a1p00_b1p00/20260703-224010_p64_i300,3.939715427895238,3.740800187091871,11.99945527589033,10.998981585978541,8.999712694797132,a1p00_b1p00
"[3.0, 7.9995680268941, 12.999172665651846, 3.994492251622713]",0.45519868120823304,64,-3.553170258809445,c0,d3,B30,0,0,65,2,8,0,0,65,C_adam1,output/experiments/B30_c30_a1p00_b1p00/20260703-224013_p64_i300,3.953179994374305,3.7361277361993483,11.999434881777933,10.998939707457879,7.999635102442088,a1p00_b1p00
"[3.0, 8.999650994464876, 13.999416258040418, 4.012713547014824]",0.45079509570354814,64,-3.6164851520634835,c0,d3,B30,0,0,65,2,10,0,0,65,C_adam1,output/experiments/B30_c30_a1p00_b1p00/20260703-224742_p64_i300,3.9579196243367694,3.740988058659161,11.999440824904564,10.998984950118674,8.999650994464876,a1p00_b1p00
"[3.0, 8.99957457680247, 13.99926080539929, 4.0123495202315524]",0.45064819719203264,64,-3.669391926627873,c0,d3,B30,0,0,65,2,11,0,0,65,C_adam1,output/experiments/B30_c30_a1p00_b1p00/20260703-225515_p64_i300,3.9875499358573627,3.8775533703055363,12.999036512265887,11.999119857808614,8.9996810212923,a1p00_b1p00
"[3.0, 9.999517480837726, 14.999094046320092, 4.047411981219682]",0.44476539810668997,64,-3.8389781451633453,c0,d3,B30,0,0,65,2,11,0,0,65,C_adam0,output/experiments/B30_c30_a1p00_b1p00/20260703-230352_p64_i300,3.9697427516825865,3.8987307914559963,13.998394880666753,11.999208171068412,9.999517480837726,a1p00_b1p00
"[3.0, 9.99939619477512, 14.998796792168053, 4.047512708902202]",0.44393380864703613,64,-4.018109518606675,c0,d3,B30,0,0,65,2,11,0,0,65,C_adam0,output/experiments/B30_c30_a1p00_b1p00/20260703-231124_p64_i300,3.98398959267673,3.8854433687582457,13.999272729957209,11.999209432946008,9.999540367876937,a1p00_b1p00
"[3.0, 9.999269123694232, 14.998461361236982, 4.048075623133178]",0.443799016830237,64,-4.2171264992723865,c0,d3,B30,0,0,65,2,11,0,0,65,C_adam0,output/experiments/B30_c30_a1p00_b1p00/20260703-231728_p64_i300,3.997507734519857,3.841047336931851,14.998452849015065,12.999047598902113,9.999763135226745,a1p00_b1p00
"[3.0, 9.999147332435479, 14.998077931687968, 4.0459682926763865]",0.4437402955593942,64,-4.430316791386235,c0,d3,B30,0,0,65,2,11,0,0,65,C_adam0,output/experiments/B30_c30_a1p00_b1p00/20260703-232305_p64_i300,3.988742747127347,3.8442140551940156,14.998208683720607,13.998601159868633,9.999755686005672,a1p00_b1p00
"[3.0, 9.998983822117486, 14.997510939538971, 4.045661296173712]",0.44368135013405985,64,-4.7231307109547265,c0,d3,B30,0,0,65,2,11,0,0,65,C_adam0,output/experiments/B30_c30_a1p00_b1p00/20260703-232843_p64_i300,4.041978990148589,3.8390287270592456,14.998196919204837,13.998513520548986,9.999764713582,a1p00_b1p00
"[3.0, 9.998882400201888, 15.995640610052861, 4.138613928273941]",0.4320863378551486,64,-4.62065190022589,c0,d3,B30,0,0,65,2,11,0,0,65,C_adam0,output/experiments/B30_c30_a1p00_b1p00/20260703-233516_p64_i300,4.041993170694845,3.843544950739995,14.997911663751497,14.996766133498227,9.999751482940043,a1p00_b1p00
"[3.0, 9.998787428504249, 15.995121245800792, 4.140819983544281]",0.4320625145116888,64,-4.78486358866623,c0,d3,B30,0,0,65,2,11,0,0,65,C_adam0,output/experiments/B30_c30_a1p00_b1p00/20260703-234050_p64_i300,4.045851033589187,3.822719530050982,14.998437133596914,14.997006636120629,9.99974786210564,a1p00_b1p00
"[3.0, 9.998783362606499, 15.995502196948891, 4.1375022991091726]",0.43202337772414534,64,-4.790582696509332,c0,d3,B30,0,0,65,2,11,0,0,65,C_adam0,output/experiments/B30_c30_a1p00_b1p00/20260703-234705_p64_i300,4.078279952775919,3.945014143981309,14.998772215124117,14.99718962418706,9.99976299054829,a1p00_b1p00
"[3.0, 9.998683649223908, 15.995626351689172, 4.139354546405324]",0.4319852473919382,64,-4.9753673569716,c0,d3,B30,0,0,65,2,11,0,0,65,C_adam0,output/experiments/B30_c30_a1p00_b1p00/20260703-235238_p64_i300,4.121495196451724,3.9511654646908116,15.20408767554557,14.997552467775165,9.999765151511404,a1p00_b1p00
"[3.0, 9.998683649223908, 15.995626351689172, 4.139354546405324]",0.4319852473919382,64,-4.9753673569716,c0,d3,B30,0,0,65,2,11,0,0,65,C_adam0,output/experiments/B30_c30_a1p00_b1p00/20260703-235815_p64_i300,4.131704512680484,3.9264252275884512,15.994862129389118,14.996736474286372,9.999761563577096,a1p00_b1p00
"[4.0, 3.9986876016351154, 6.998093633561887, 1.4269036970091489]",0.7200146690131506,10070,-2.6093612549826997,c0,d4,B30,0,0,38250,2,0,,,8563,B_b30,output/experiments/B30_c30_a1p00_b1p00/20260705-091351_p64_i1500,,,,,,a1p00_b1p00
"[3.0, 9.998787428504249, 15.995121245800792, 4.1408199728315545]",0.4230339517362701,8861,-4.784863588636184,c0,d4,B30,0,0,38250,2,28,0,0,9101,B_b30,output/experiments/B30_c30_a1p00_b1p00/20260705-114906_p64_i1500,4.035069904216781,3.5637683536013673,15.995372079201065,10.99666653425315,9.999852427523594,a1p00_b1p00
"[4.0, 9.998787428504249, 15.995121245800792, 4.140819972831556]",0.423033951736268,11110,-5.421857040350375,c0,d4,B30,0,0,38250,2,48,0,0,9227,B_b30,output/experiments/B30_c30_a1p00_b1p00/20260705-140825_p64_i1500,4.056917541331426,3.8666463747577193,15.995455971697075,10.996334507905878,9.999858461927992,a1p00_b1p00
"[3.0, 5.9998257161801085, 17.999245975489064, 3.886752628600897]",0.5927198561077166,64,-4.662931754289933,c0,d4,B30,0,0,65,2,11,0,0,65,C_adam0,output/experiments/B30_c30_a1p00_b1p00/20260705-160134_p64_i300,3.6173017342728944,3.418436202880943,11.999857635379563,7.999888988316883,5.999841808302752,a1p00_b1p00
"[3.0, 5.99984270152953, 17.99944658311039, 3.985619908483086]",0.5983311988523211,64,-4.553148999404552,c0,d4,B30,0,0,65,2,8,0,0,65,C_adam1,output/experiments/B30_c30_a1p00_b1p00/20260705-160142_p64_i300,3.6183710461906475,3.4163885495237123,11.999866186920766,7.999888423530114,5.999889420427069,a1p00_b1p00
"[3.0, 9.998665126829989, 15.995056118975729, 4.1390029612435]",0.43200496473457395,64,-5.003778934962309,c0,d4,B30,0,0,65,2,9,0,0,65,C_adam0,output/experiments/B30_c30_a1p00_b1p00/20260705-161932_p64_i300,4.103938958716737,3.9574199060126976,15.993475611196633,14.99702095330719,9.999750685715684,a1p00_b1p00
"[3.0, 9.998783499603741, 15.99544295636244, 4.139043597538684]",0.4320273372514332,64,-4.792950688138955,c0,d4,B30,0,0,65,2,10,0,0,65,C_adam1,output/experiments/B30_c30_a1p00_b1p00/20260705-161936_p64_i300,4.102362864390015,3.9787559554232015,15.872907937450691,14.995787998630783,9.9996967230122,a1p00_b1p00
"[3.0, 9.998665126829989, 15.995056118975729, 4.1390029612435]",0.43200496473457395,64,-5.003778934962309,c0,d4,B30,0,0,65,2,9,0,0,65,C_adam0,output/experiments/B30_c30_a1p00_b1p00/20260705-163249_p64_i300,4.103938958716737,3.9574199060126976,15.993475611196633,14.99702095330719,9.999750685715684,a1p00_b1p00
"[3.0, 9.998783499603741, 15.99544295636244, 4.139043597538684]",0.4320273372514332,64,-4.792950688138955,c0,d4,B30,0,0,65,2,10,0,0,65,C_adam1,output/experiments/B30_c30_a1p00_b1p00/20260705-163251_p64_i300,4.102362864390015,3.9787559554232015,15.872907937450691,14.995787998630783,9.9996967230122,a1p00_b1p00
"[8.0, 0.9976916237992072, 0.9979654508724107, 1.410417928581192]",0.7198533481126254,18037,-4.507977368408105,c0,d5,B30,0,0,74250,2,0,,,8651,B_b30,output/experiments/B30_c30_a1p00_b1p00/20260705-230859_p64_i800,,,,,,a1p00_b1p00
"[3.0, 9.998787428504249, 15.995121245800792, 4.1408199728315545]",0.4230339517362703,8864,-4.784863588636184,c0,d5,B30,0,0,74250,2,14,0,0,8381,B_b30,output/experiments/B30_c30_a1p00_b1p00/20260706-013305_p64_i800,4.046147472381466,3.5585468048811384,15.995121245800792,14.998097863348725,9.999223076155427,a1p00_b1p00
"[3.0, 9.998787428504249, 15.995121245800792, 4.1408199728315545]",0.4230339517362703,8864,-4.784863588636184,c0,d5,B30,0,0,74250,2,10,0,0,8119,B_b30,output/experiments/B30_c30_a1p00_b1p00/20260706-034548_p64_i800,4.1408199728315545,4.046048653440593,15.995121245800792,14.996381994315303,9.999223076155427,a1p00_b1p00
"[2.0, 9.9998704480644, 19.999732557849697, 4.147666375409326]",0.3892989604537903,33,-3.150330193587014,c0,d5,B30,0,0,65,2,10,0,0,65,C_adam0,output/experiments/B30_c30_a1p00_b1p00/20260706-055713_p64_i300,3.746898974467709,3.417211504968387,14.999616228683745,7.999624348177817,9.999870674718741,a1p00_b1p00
"[2.0, 9.999868828710737, 19.99973142206253, 4.153218738260032]",0.3911704547460849,41,-3.1468762232616547,c0,d5,B30,0,0,65,2,9,0,0,65,C_adam1,output/experiments/B30_c30_a1p00_b1p00/20260706-055721_p64_i300,3.8655774824234577,3.417051820449795,17.999367108860717,7.99989342970063,9.999868828710737,a1p00_b1p00
"[2.0, 9.999852874579767, 19.999663131364883, 4.201548735732121]",0.37558119340532653,64,-3.2040508378804127,c0,d5,B30,0,0,65,2,8,0,0,65,C_adam0,output/experiments/B30_c30_a1p00_b1p00/20260706-063038_p64_i300,4.079228961784392,3.4826781323244083,15.499212423830071,7.99987877874743,9.999856796256973,a1p00_b1p00
"[2.0, 9.999852874579767, 19.999663131364883, 4.201548735732082]",0.3755811934053292,64,-3.204050837880466,c0,d5,B30,0,0,65,2,8,0,0,65,C_adam1,output/experiments/B30_c30_a1p00_b1p00/20260706-063040_p64_i300,4.079228961784373,3.4826781323244083,15.499212423830071,7.99987877874743,9.999856796256973,a1p00_b1p00
"[2.0, 9.999855193881654, 19.999667386068023, 4.20476955033585]",0.3754421132550144,64,-3.201955496873435,c0,d5,B30,0,0,65,2,9,0,0,65,C_adam0,output/experiments/B30_c30_a1p00_b1p00/20260706-065841_p64_i300,4.204649147216294,3.894697561481834,19.999667213386225,10.998759844685624,9.999858268662617,a1p00_b1p00
"[2.0, 9.999855193881654, 19.999667386068023, 4.2047695503358575]",0.37544211325501414,64,-3.201955496873419,c0,d5,B30,0,0,65,2,9,0,0,65,C_adam1,output/experiments/B30_c30_a1p00_b1p00/20260706-065843_p64_i300,4.204649147216259,3.894697561481834,19.999667213386225,10.998759844685624,9.999858268662617,a1p00_b1p00
"[2.0, 9.999854836844197, 19.999666700324177, 4.204908194501417]",0.37543768330087657,64,-3.20225077920923,c0,d5,B30,0,0,65,2,9,0,0,65,C_adam0,output/experiments/B30_c30_a1p00_b1p00/20260706-072539_p64_i300,4.20379682250298,4.197853974733075,19.999670092911508,19.999666700324177,9.999859048519285,a1p00_b1p00
"[2.0, 9.999854836844197, 19.999666700324177, 4.204908194501421]",0.3754376833008781,64,-3.2022507792092485,c0,d5,B30,0,0,65,2,9,0,0,65,C_adam1,output/experiments/B30_c30_a1p00_b1p00/20260706-072544_p64_i300,4.20379682250298,4.197853974733075,19.999670092911508,19.999666700324177,9.999859048519285,a1p00_b1p00
"[2.0, 9.999854836844197, 19.999666700324177, 4.204908194501417]",0.37543768330087657,64,-3.20225077920923,c0,d5,B30,0,0,65,2,9,0,0,65,C_adam0,output/experiments/B30_c30_a1p00_b1p00/20260706-075334_p64_i300,4.205184397059888,4.203029715485997,19.99966731367951,19.999666700324177,9.999856756150479,a1p00_b1p00
"[2.0, 9.999854836844197, 19.999666700324177, 4.204908194501417]",0.37543768330087657,64,-3.20225077920923,c0,d5,B30,0,0,65,2,9,0,0,65,C_adam1,output/experiments/B30_c30_a1p00_b1p00/20260706-075336_p64_i300,4.20518439705992,4.203029715486,19.99966731367951,19.999666700324177,9.999856756150479,a1p00_b1p00
"[1.0, 5.612626005019104, 5.612626005019104, 1.4116118936066244]",0.7197411751497832,3276,-1.0087213496870076,c1,d3,B30,0,0,20250,2,0,,,7058,B_b30,output/experiments/B30_c30_a1p00_b1p00/20260706-161743_p64_i4000,,,,,,a1p00_b1p00
"[6.0, 9.778306790376343, 18.780086313943123, 1.4133104919572044]",0.7195666593745952,15650,-3.149940157593024,c1,d3,B30,0,0,20250,2,0,,,6574,B_b30,output/experiments/B30_c30_a1p00_b1p00/20260706-203017_p64_i4000,,,,,,a1p00_b1p00
"[2.0, 5.999821242522103, 11.999642485044205, 3.822025324167985]",0.5541034386124546,5665,-2.682144925877217,c1,d3,B30,0,0,20250,2,1,0,0,6648,B_b30,output/experiments/B30_c30_a1p00_b1p00/20260707-005006_p64_i4000,3.822025324167985,3.822025324167985,11.999642485044205,11.999642485044205,5.999821242522103,a1p00_b1p00
"[3.0, 9.789568342210353, 9.789568342210353, 1.412918746808226]",0.7195359739178031,8765,-0.7866899554773835,c1,d3,B30,0,0,20250,2,0,,,6582,B_b30,output/experiments/B30_c30_a1p00_b1p00/20260707-051009_p64_i4000,,,,,,a1p00_b1p00
"[3.0, 5.9998601779141465, 17.999257720990464, 3.878106543083856]",0.5938175031011996,64,-4.668435192048084,c1,d3,B30,0,0,65,2,9,0,0,65,C_adam0,output/experiments/B30_c30_a1p00_b1p00/20260707-093303_p64_i300,3.8115714715065128,3.6042504238887894,17.99925489907238,11.999797140136119,5.999867721318671,a1p00_b1p00
"[3.0, 5.999841029799934, 17.99945319919582, 3.984196212468815]",0.5985521662230026,64,-4.550425715132659,c1,d3,B30,0,0,65,2,7,0,0,65,C_adam1,output/experiments/B30_c30_a1p00_b1p00/20260707-093312_p64_i300,3.7196387867864527,3.6129350915772864,11.999848584803294,11.997190620390956,6.999724889229265,a1p00_b1p00
"[7.0, 6.691980497313079, 7.98157910619842, 1.3612419293731524]",0.7380504111448754,64,-11.873254415128555,c1,d3,B30,0,0,65,2,0,,,65,C_adam0,output/experiments/B30_c30_a1p00_b1p00/20260707-094843_p64_i300,,,,,,a1p00_b1p00
"[7.0, 6.75490119239374, 8.690451819644618, 1.3528445049391238]",0.7380332308330111,64,-12.402408027463677,c1,d3,B30,0,0,65,2,0,,,65,C_adam1,output/experiments/B30_c30_a1p00_b1p00/20260707-094901_p64_i300,,,,,,a1p00_b1p00
"[0.0, 0.0, 0.0, 1.4125041870490815]",0.7195458754295138,35,0.0,c1,d4,B30,0,0,38250,2,0,,,8686,B_b30,output/experiments/B30_c30_a1p00_b1p00/20260707-151613_p64_i1500,,,,,,a1p00_b1p00
"[4.0, 9.789568342210353, 9.789568342210353, 1.4129187468081952]",0.7195359739178028,11015,-5.142390942281366,c1,d4,B30,0,0,38250,2,0,,,9415,B_b30,output/experiments/B30_c30_a1p00_b1p00/20260707-164703_p64_i1500,,,,,,a1p00_b1p00
"[4.0, 4.997903814589173, 11.989497602722215, 3.6292967431842094]",0.5829485493806569,64,-4.1675223874795995,c1,d4,B30,0,0,65,2,10,0,0,65,C_adam0,output/experiments/B30_c30_a1p00_b1p00/20260707-182012_p64_i300,3.617939533890425,3.4165309678736318,11.999836998551235,7.999767279230746,5.999838910197276,a1p00_b1p00
"[4.0, 5.9998992538254825, 11.999737833986165, 3.5102351456457415]",0.5964296657739379,64,-4.256683209346497,c1,d4,B30,0,0,65,2,9,0,0,63,C_adam1,output/experiments/B30_c30_a1p00_b1p00/20260707-182020_p64_i300,3.618606539710992,3.416715386059016,11.999737833986165,7.999755149610089,5.999901118014655,a1p00_b1p00
"[7.0, 5.378383776515255, 6.152931451382812, 1.3610031843321486]",0.7381158959388205,64,-12.15678718831377,c1,d4,B30,0,0,65,2,0,,,65,C_adam0,output/experiments/B30_c30_a1p00_b1p00/20260707-183214_p64_i300,,,,,,a1p00_b1p00
"[3.0, 8.999893630838796, 23.999269964165634, 4.287983706127207]",0.3781819631419372,64,-4.434329382430148,c1,d4,B30,0,0,65,2,2,0,0,65,C_adam1,output/experiments/B30_c30_a1p00_b1p00/20260707-183220_p64_i300,4.283406388093672,4.278829070060137,23.999264308835123,23.999258653504615,8.999893630838796,a1p00_b1p00
"[3.0, 8.999893630838796, 23.999269964165634, 4.287983706127207]",0.3781819631419372,64,-4.434329382430148,c1,d4,B30,0,0,65,2,2,0,0,65,C_adam1,output/experiments/B30_c30_a1p00_b1p00/20260707-184421_p64_i300,4.283406388093672,4.278829070060137,23.999264308835123,23.999258653504615,8.999893630838796,a1p00_b1p00
"[4.0, 9.999709501665647, 15.999643115536548, 4.018439304382364]",0.6480317428571665,11111,-3.3142453402274437,c1,d5,B30,0,0,74250,2,1,0,0,7375,B_b30,output/experiments/B30_c30_a1p00_b1p00/20260707-233730_p64_i800,4.018439304382364,4.018439304382364,15.999643115536548,15.999643115536548,9.999709501665647,a1p00_b1p00
"[2.0, 9.999857668539132, 19.999672169574588, 4.203897451934182]",0.39160391560286917,6702,-3.2000647510376825,c1,d5,B30,0,0,74250,2,9,0,0,7694,B_b30,output/experiments/B30_c30_a1p00_b1p00/20260708-011713_p64_i800,4.140937118241567,4.127096595302527,17.99970453974328,17.999699471058786,9.999859116429553,a1p00_b1p00
"[2.0, 9.999859116429553, 19.99967724614823, 4.216840356356698]",0.3934181959288375,6701,-3.1964162166552543,c1,d5,B30,0,0,74250,2,6,0,0,7961,B_b30,output/experiments/B30_c30_a1p00_b1p00/20260708-025753_p64_i800,4.216840356356698,4.140256193076736,19.99967724614823,17.999707553732573,9.999859116429553,a1p00_b1p00
"[3.0, 5.999843199734816, 17.999432735490277, 3.991114880483959]",0.5978008857198925,64,-4.552599736461308,c1,d5,B30,0,0,65,2,7,0,0,65,C_adam0,output/experiments/B30_c30_a1p00_b1p00/20260708-043948_p64_i300,3.6203199382308444,3.4189583329462865,11.999847867469313,7.999779841763283,5.999845527030039,a1p00_b1p00
"[3.0, 5.999846949614513, 17.999482512629417, 3.8682650226050015]",0.5970508647258501,64,-4.5199855371310536,c1,d5,B30,0,0,65,2,7,0,0,65,C_adam1,output/experiments/B30_c30_a1p00_b1p00/20260708-043957_p64_i300,3.635908210684155,3.4211168105632126,11.999840887562428,7.999778177069247,5.999846949614513,a1p00_b1p00
"[2.0, 9.999856221982824, 19.999669493612267, 4.204850320618149]",0.3754376665469553,64,-3.2010790080591294,c1,d5,B30,0,0,65,2,9,0,0,65,C_adam0,output/experiments/B30_c30_a1p00_b1p00/20260708-050346_p64_i300,4.203718648063756,4.196809489753978,19.999670599554236,19.999665555472024,9.999857540018816,a1p00_b1p00
"[2.0, 9.99985626269323, 19.999669535329318, 4.205005725503906]",0.37543748407114264,25,-3.2010487901430262,c1,d5,B30,0,0,65,2,9,0,0,65,C_adam0,output/experiments/B30_c30_a1p00_b1p00/20260708-052758_p64_i300,4.204857356602105,4.164940318450549,19.999669535329318,19.999667930489018,9.99985727952495,a1p00_b1p00
"[6.0, 5.770814840565004, 5.770814840565004, 1.6630542025404096]",1.0014668082531604,14530,-1.5831037179361729,c0,d3,B30,0,0,20250,2,0,,,7096,B_b30,output/experiments/B30_c30_a1p41_b1p41/20260707-032201_p64_i4000,,,,,,a1p41_b1p41
"[2.0, 7.999936606928965, 20.849181622907867, 4.641392734908905]",0.9340404702146272,6252,-4.647618594943637,c0,d3,B30,0,0,20250,2,8,0,0,6937,B_b30,output/experiments/B30_c30_a1p41_b1p41/20260707-060614_p64_i4000,4.641400070312843,4.6310970903458255,18.42452741865558,15.999873214403292,8.443287186078452,a1p41_b1p41
"[2.0, 9.98864015927781, 25.98851884106204, 4.620435695846069]",0.8926671895332556,6746,-4.631177885377906,c0,d3,B30,0,0,20250,2,18,0,0,7024,B_b30,output/experiments/B30_c30_a1p41_b1p41/20260707-083900_p64_i4000,4.65049144824129,4.620435695846069,21.608938831300694,15.999878143562047,9.98864015927781,a1p41_b1p41
"[2.0, 9.988609361854673, 25.98848798587678, 4.620494884753079]",0.8924376969573731,6746,-4.631128579330957,c0,d3,B30,0,0,20250,2,9,0,0,6755,B_b30,output/experiments/B30_c30_a1p41_b1p41/20260707-111316_p64_i4000,4.642851881416643,4.620494884753079,25.98848798587678,15.999879115552629,9.995944902014747,a1p41_b1p41
"[2.0, 7.999922676850844, 23.668929089296846, 4.471089773322099]",0.7957672741853898,6297,-4.691396371778462,c0,d3,B30,0,0,20250,2,19,0,0,6734,B_b30,output/experiments/B30_c30_a1p41_b1p41/20260707-134621_p64_i4000,4.64348780567445,4.470506780146231,19.325582129067076,15.999878986456075,9.995929742355868,a1p41_b1p41
"[2.0, 9.996278355568824, 25.99612560516367, 4.383130665265369]",0.7627333666274106,6748,-4.684591429481404,c0,d3,B30,0,0,20250,2,30,0,0,6807,B_b30,output/experiments/B30_c30_a1p41_b1p41/20260707-162005_p64_i4000,4.643548627738898,4.383130665265369,19.577981086263613,15.999851178872872,9.999915502286777,a1p41_b1p41
"[2.0, 9.996422262444263, 25.99626979253052, 4.3246678444244395]",0.7470722772458142,6745,-4.720503843402618,c0,d3,B30,0,0,20250,2,24,0,0,6616,B_b30,output/experiments/B30_c30_a1p41_b1p41/20260707-185451_p64_i4000,4.471363736581884,4.2514218479006765,19.99929087316339,15.99985117866832,9.999893956858989,a1p41_b1p41
"[4.0, 7.999913947825354, 19.998958249467687, 4.185737534714836]",0.7276655090613031,10750,-4.179895510885236,c0,d3,B30,0,0,20250,2,110,0,0,6879,B_b30,output/experiments/B30_c30_a1p41_b1p41/20260707-213018_p64_i4000,4.337157307774243,3.879312890236129,19.998928372673987,13.99976575121666,9.999908014914014,a1p41_b1p41
"[5.0, 7.999915073367624, 23.999585026673856, 3.9232477615474846]",0.7067617234887913,13045,-4.592308658467133,c0,d3,B30,0,0,20250,2,127,0,0,6471,B_b30,output/experiments/B30_c30_a1p41_b1p41/20260708-000521_p64_i4000,4.252435778506598,3.753723260255434,19.99908224407442,7.999819675811291,9.999926372003998,a1p41_b1p41
"[5.0, 7.999915073988467, 23.99958502604774, 3.9233806140150307]",0.7067588061560165,13047,-4.592308676289657,c0,d3,B30,0,0,20250,2,108,0,0,6691,B_b30,output/experiments/B30_c30_a1p41_b1p41/20260708-023945_p64_i4000,4.247051787275064,3.462063342598576,19.99807555698915,7.99990440380985,9.999904812634332,a1p41_b1p41
"[3.0, 5.999818939786548, 17.998965458583875, 3.484824363184112]",0.6489336942903231,64,-4.7366300075740115,c0,d3,B30,0,0,65,2,14,0,0,65,C_adam0,output/experiments/B30_c30_a1p41_b1p41/20260708-051446_p64_i300,3.4837031194199737,3.370054417602007,11.999842803471589,11.999778326012343,5.9999353859142195,a1p41_b1p41
"[3.0, 5.999460230608681, 17.994202260046663, 3.5697923488871455]",0.5844067680001199,42,-6.672661657133081,c0,d3,B30,0,0,65,2,13,0,0,64,C_adam1,output/experiments/B30_c30_a1p41_b1p41/20260708-051454_p64_i300,3.49870051917718,3.263818714920749,11.999831379596609,10.99939262644385,5.9999164737647295,a1p41_b1p41
"[3.0, 5.9996182245234895, 17.997480837186167, 3.625521430921987]",0.5551696112279273,64,-6.247200243739324,c0,d3,B30,0,0,65,2,9,0,0,65,C_adam0,output/experiments/B30_c30_a1p41_b1p41/20260708-052442_p64_i300,3.963657909178105,3.625521430921987,17.998532421934307,17.985883850890477,7.999931399412745,a1p41_b1p41
"[3.0, 5.9996182245234895, 17.997480837186167, 3.625521430921987]",0.5551696112279273,64,-6.247200243739324,c0,d3,B30,0,0,65,2,9,0,0,65,C_adam1,output/experiments/B30_c30_a1p41_b1p41/20260708-052449_p64_i300,3.963657909178105,3.625521430921987,17.998532421934307,17.985883850890477,7.999931399412745,a1p41_b1p41
"[3.0, 5.999677514774003, 17.998255526594768, 3.6763507649170197]",0.5392958707006469,64,-5.245881135464588,c0,d3,B30,0,0,65,2,9,0,0,65,C_adam0,output/experiments/B30_c30_a1p41_b1p41/20260708-053146_p64_i300,3.9323997597197557,3.6593093874221623,17.998563645825318,17.988465909737837,7.999933205574106,a1p41_b1p41
"[3.0, 5.999677514774003, 17.998255526594768, 3.6763507649170197]",0.5392958707006469,64,-5.245881135464588,c0,d3,B30,0,0,65,2,9,0,0,65,C_adam1,output/experiments/B30_c30_a1p41_b1p41/20260708-053151_p64_i300,3.9323997597197557,3.6593093874221623,17.998563645825318,17.988465909737837,7.999933205574106,a1p41_b1p41
"[3.0, 5.999868802224535, 17.999306901360306, 3.752801409172502]",0.5279250141018254,64,-5.575435713499905,c0,d3,B30,0,0,65,2,9,0,0,65,C_adam0,output/experiments/B30_c30_a1p41_b1p41/20260708-053853_p64_i300,3.8945748964394173,3.7378450226243185,17.999306901360306,17.9871506455544,7.999930164287855,a1p41_b1p41
"[3.0, 5.999868802224535, 17.999306901360306, 3.752801409172502]",0.5279250141018254,64,-5.575435713499905,c0,d3,B30,0,0,65,2,9,0,0,65,C_adam1,output/experiments/B30_c30_a1p41_b1p41/20260708-053854_p64_i300,3.8945748964394173,3.7378450226243185,17.999306901360306,17.9871506455544,7.999930164287855,a1p41_b1p41
"[3.0, 5.999913080193215, 17.999492268590355, 3.797374511166254]",0.5230065503612326,1,-8.243870790820237,c0,d3,B30,0,0,65,2,9,0,0,65,C_adam0,output/experiments/B30_c30_a1p41_b1p41/20260708-054603_p64_i300,3.98016818627738,3.6886721383306806,21.999658402365615,17.995544955865398,9.999893354661006,a1p41_b1p41
"[3.0, 5.999920019247526, 17.9995223726527, 3.8226306190767865]",0.521044754570173,64,-8.491823850426522,c0,d3,B30,0,0,65,2,9,0,0,65,C_adam0,output/experiments/B30_c30_a1p41_b1p41/20260708-055314_p64_i300,3.9802778125566345,3.6410674079307253,17.99890580616353,15.999313517091831,9.999842623340049,a1p41_b1p41
"[3.0, 5.999891674096137, 17.999395620396726, 3.825734714026387]",0.5193356897041191,1,-8.461179117761013,c0,d3,B30,0,0,65,2,9,0,0,65,C_adam0,output/experiments/B30_c30_a1p41_b1p41/20260708-060025_p64_i300,3.825734714026387,3.6734076789838515,17.998890432785593,15.999421454275131,9.999776322983756,a1p41_b1p41
"[3.0, 5.999860085415673, 17.999239055297956, 3.910455337888422]",0.5041953192861245,64,-8.471330805753464,c0,d3,B30,0,0,65,2,9,0,0,65,C_adam1,output/experiments/B30_c30_a1p41_b1p41/20260708-060736_p64_i300,3.910455337888422,3.6549671592580406,17.99915756708583,15.999372620551998,9.99977062000296,a1p41_b1p41
"[3.0, 5.999837707501977, 17.99912911846095, 3.9185186489176758]",0.5039791027671329,64,-8.463988523389833,c0,d3,B30,0,0,65,2,9,0,0,65,C_adam0,output/experiments/B30_c30_a1p41_b1p41/20260708-061443_p64_i300,3.9185186489176758,3.3008342383268747,17.998880922267183,15.999426228778063,9.999769562495043,a1p41_b1p41
"[3.0, 5.999824909080161, 17.999074564639525, 3.9213226191540365]",0.5039425553941663,64,-7.592106102733404,c0,d3,B30,0,0,65,2,9,0,0,65,C_adam1,output/experiments/B30_c30_a1p41_b1p41/20260708-062153_p64_i300,3.9212439620137776,3.7427861674624463,17.99891832301033,15.999424465109218,9.99977188122,a1p41_b1p41
"[3.0, 5.999824909080161, 17.999074564639525, 3.9213226191540365]",0.5039425553941663,64,-7.592106102733404,c0,d3,B30,0,0,65,2,9,0,0,65,C_adam0,output/experiments/B30_c30_a1p41_b1p41/20260708-062904_p64_i300,3.9790494015770737,3.7473220528349813,17.998866320409846,15.999412278192057,9.999786168187745,a1p41_b1p41
"[3.0, 3.999976144390339, 7.999947510981521, 3.880106177295506]",0.9127414709029888,7825,-2.3575824209150738,c0,d4,B30,0,0,38250,2,6,0,0,9943,B_b30,output/experiments/B30_c30_a1p41_b1p41/20260708-122742_p64_i1500,3.8801029540910115,3.880099730886517,7.999947507626424,7.999940547863186,3.999976144390339,a1p41_b1p41
"[3.0, 5.999824909080161, 17.999074564639525, 3.9213226191540365]",0.5026584481049324,8005,-7.592086504422896,c0,d4,B30,0,0,38250,2,15,0,0,9123,B_b30,output/experiments/B30_c30_a1p41_b1p41/20260708-140351_p64_i1500,4.144715574091606,3.7378450226243185,17.99888630509368,17.99888630509368,9.999798498556327,a1p41_b1p41
"[3.0, 5.999824909080161, 17.999074564639525, 3.9213226191540365]",0.5026584481049324,8005,-7.592086504422896,c0,d4,B30,0,0,38250,2,17,0,0,8995,B_b30,output/experiments/B30_c30_a1p41_b1p41/20260708-153306_p64_i1500,4.0658789063915535,3.7378450226243185,17.99891832301033,15.998963946766327,9.99982747727892,a1p41_b1p41
"[3.0, 5.999279524245571, 17.99031676400347, 3.6428974418784907]",0.5868211740087883,64,-5.639535324648244,c0,d4,B30,0,0,65,2,16,0,0,65,C_adam0,output/experiments/B30_c30_a1p41_b1p41/20260708-170200_p64_i300,3.535758453779613,3.313920513870019,11.998621822460276,5.999939385423037,5.999926922916365,a1p41_b1p41
"[3.0, 5.9995787837347425, 17.99783300252115, 3.5441335959611653]",0.6399724746305333,64,-5.039883604149152,c0,d4,B30,0,0,65,2,13,0,0,65,C_adam1,output/experiments/B30_c30_a1p41_b1p41/20260708-170208_p64_i300,3.513002661966236,3.39382108975758,11.99673811653019,5.999942887903212,5.9995787837347425,a1p41_b1p41
"[3.0, 5.999813159459079, 17.99899206712007, 3.91796011994702]",0.5039391330740988,64,-7.849502736204183,c0,d4,B30,0,0,65,2,9,0,0,65,C_adam0,output/experiments/B30_c30_a1p41_b1p41/20260708-171707_p64_i300,3.91796011994702,3.713883553028845,17.998947941791435,17.995366628446263,9.99978638026911,a1p41_b1p41
"[3.0, 5.999813159459079, 17.99899206712007, 3.91796011994702]",0.5039391330740988,64,-7.849502736204183,c0,d4,B30,0,0,65,2,9,0,0,65,C_adam1,output/experiments/B30_c30_a1p41_b1p41/20260708-171712_p64_i300,3.91796011994702,3.713883553028845,17.998947941791435,17.995366628446263,9.99978638026911,a1p41_b1p41
"[3.0, 5.999813159459079, 17.99899206712007, 3.91796011994702]",0.5039391330740988,64,-7.849502736204183,c0,d4,B30,0,0,65,2,9,0,0,65,C_adam0,output/experiments/B30_c30_a1p41_b1p41/20260708-172854_p64_i300,3.91796011994702,3.713883553028845,17.998947941791435,17.995366628446263,9.99978638026911,a1p41_b1p41
"[3.0, 5.999813159459079, 17.99899206712007, 3.91796011994702]",0.5039391330740988,64,-7.849502736204183,c0,d4,B30,0,0,65,2,9,0,0,65,C_adam1,output/experiments/B30_c30_a1p41_b1p41/20260708-172859_p64_i300,3.91796011994702,3.713883553028845,17.998947941791435,17.995366628446263,9.99978638026911,a1p41_b1p41
"[5.0, 5.999905356594345, 13.999777626342542, 3.960648249833458]",0.7129895935665352,12418,-5.3966795028189045,c0,d5,B30,0,0,74250,2,18,0,0,8224,B_b30,output/experiments/B30_c30_a1p41_b1p41/20260709-000535_p64_i800,3.97479368919622,3.9091003836845797,13.999777626342542,7.9996958483461755,7.999902235747519,a1p41_b1p41
"[3.0, 5.999824909080161, 17.999074564639525, 3.9213226191540365]",0.5026584481049323,8005,-7.592086504422896,c0,d5,B30,0,0,74250,2,9,0,0,8438,B_b30,output/experiments/B30_c30_a1p41_b1p41/20260709-015647_p64_i800,3.9213226191540365,3.7378450226243185,17.99907464047048,17.99891832301033,9.99977188122,a1p41_b1p41
"[3.0, 5.999824909080161, 17.999074564639525, 3.9213226191540365]",0.5026584481049323,8005,-7.592086504422896,c0,d5,B30,0,0,74250,2,11,0,0,8202,B_b30,output/experiments/B30_c30_a1p41_b1p41/20260709-033630_p64_i800,3.752801409172502,3.737845003892037,17.99915484382889,17.99891832301033,9.99977188122,a1p41_b1p41
"[4.0, 5.999888350033909, 14.999599208222358, 3.7941984134183144]",0.5658020333150406,64,-4.458856875879087,c0,d5,B30,0,0,65,2,17,0,0,65,C_adam0,output/experiments/B30_c30_a1p41_b1p41/20260709-051548_p64_i300,3.6923965790739413,3.393031655893063,11.999832865281785,5.999941563928833,9.999783404151065,a1p41_b1p41
"[4.0, 5.999888350033909, 14.999599208222358, 3.7941984134183144]",0.5658020333150406,64,-4.458856875879087,c0,d5,B30,0,0,65,2,17,0,0,65,C_adam1,output/experiments/B30_c30_a1p41_b1p41/20260709-051556_p64_i300,3.6923965790739413,3.393031655893063,11.999832865281785,5.999941563928833,9.999783404151065,a1p41_b1p41
"[3.0, 5.999824909080161, 17.999074564639525, 3.9213226191540365]",0.5039425553941663,64,-7.592106102733404,c0,d5,B30,0,0,65,2,9,0,0,65,C_adam0,output/experiments/B30_c30_a1p41_b1p41/20260709-054557_p64_i300,3.83318759930215,3.7732453596114794,17.996669061247886,13.999828951616196,5.999929319670699,a1p41_b1p41
"[3.0, 5.999824909080161, 17.999074564639525, 3.9213226191540365]",0.5039425553941663,64,-7.592106102733404,c0,d5,B30,0,0,65,2,9,0,0,65,C_adam1,output/experiments/B30_c30_a1p41_b1p41/20260709-054610_p64_i300,3.83318759930215,3.7732453596114794,17.996669061247886,13.999828951616196,5.999929319670699,a1p41_b1p41
"[3.0, 5.999824909080161, 17.999074564639525, 3.9213226191540365]",0.5039425553941663,64,-7.592106102733404,c0,d5,B30,0,0,65,2,9,0,0,65,C_adam0,output/experiments/B30_c30_a1p41_b1p41/20260709-060945_p64_i300,3.806073130375589,3.7576999344530826,17.996044192022282,14.999207505314907,5.999931320630251,a1p41_b1p41
"[3.0, 5.999820498776209, 17.99903058675345, 3.9204900210895097]",0.5038891584198892,64,-7.607153818429985,c0,d5,B30,0,0,65,2,9,0,0,65,C_adam1,output/experiments/B30_c30_a1p41_b1p41/20260709-060955_p64_i300,3.7866676958106993,3.703060620776645,17.996147101428576,14.999382412567968,5.9999306100725605,a1p41_b1p41
"[3.0, 5.999824674423392, 17.99904592383784, 3.923361683718568]",0.5038815702275014,64,-7.7532665324885945,c0,d5,B30,0,0,65,2,9,0,0,65,C_adam1,output/experiments/B30_c30_a1p41_b1p41/20260709-063345_p64_i300,3.7909264047196807,3.760239461536818,17.99544638234442,14.999334141223219,5.999931636399528,a1p41_b1p41
"[3.0, 5.999824674423392, 17.99904592383784, 3.923361683718568]",0.5038815702275014,64,-7.7532665324885945,c0,d5,B30,0,0,65,2,9,0,0,65,C_adam1,output/experiments/B30_c30_a1p41_b1p41/20260709-064900_p64_i300,3.7909264047196807,3.760239461536818,17.99544638234442,14.999334141223219,5.999931636399528,a1p41_b1p41
"[6.0, 5.770814840565004, 5.770814840565004, 1.6630542025404096]",1.0014668082531604,14530,-1.5831037179361729,c1,d3,B30,0,0,20250,2,0,,,7096,B_b30,output/experiments/B30_c30_a1p41_b1p41/20260709-121821_p64_i4000,,,,,,a1p41_b1p41
"[3.0, 5.999868802221589, 17.99930689966419, 3.7514421534705438]",0.5288918674046207,8005,-4.591122504869603,c1,d3,B30,0,0,20250,2,8,0,0,6460,B_b30,output/experiments/B30_c30_a1p41_b1p41/20260709-145808_p64_i4000,3.7514421534705438,3.7514421534705438,17.99930689966419,17.99930689966419,7.999568035176604,a1p41_b1p41
"[3.0, 5.999868802221589, 17.99930689966419, 3.7514421534705438]",0.5288918674046207,8005,-4.591122504869603,c1,d3,B30,0,0,20250,2,6,0,0,6437,B_b30,output/experiments/B30_c30_a1p41_b1p41/20260709-173534_p64_i4000,3.7514421534705438,3.7514421534705438,17.99930689966419,11.999772163311846,5.999892902544458,a1p41_b1p41
"[3.0, 5.999785789313598, 17.999093547998285, 3.5503897704709644]",0.6383289575227267,64,-4.71045365880162,c1,d3,B30,0,0,65,2,14,0,0,65,C_adam0,output/experiments/B30_c30_a1p41_b1p41/20260709-201402_p64_i300,3.4933133758617996,3.2765012300181944,11.99983291869999,11.980582891704959,5.999880845667579,a1p41_b1p41
"[4.0, 4.999969498450205, 11.999243445744483, 3.7911924598065188]",0.6154291473545932,64,-4.193649960979553,c1,d3,B30,0,0,65,2,12,0,0,65,C_adam1,output/experiments/B30_c30_a1p41_b1p41/20260709-201410_p64_i300,3.6093560776293137,3.4352134677671176,11.999826558499974,11.989790741570165,5.999931228818451,a1p41_b1p41
"[3.0, 5.999917481123969, 18.9825008990693, 3.8126767776083454]",0.5228441248375524,64,-7.048549798949001,c1,d3,B30,0,0,65,2,6,0,0,65,C_adam0,output/experiments/B30_c30_a1p41_b1p41/20260709-202208_p64_i300,3.7973151711223867,3.0990482650710076,18.490991656284415,17.99948069112516,6.999753296129375,a1p41_b1p41
"[3.0, 5.999911577538428, 17.999488504112144, 3.8027404826258167]",0.5226684903072275,64,-8.214968589692658,c1,d3,B30,0,0,65,2,6,0,0,65,C_adam1,output/experiments/B30_c30_a1p41_b1p41/20260709-202216_p64_i300,3.7980188287623893,3.7745677732457157,17.99948457347893,17.948507338371684,5.999965669724252,a1p41_b1p41
"[3.0, 5.999917481123969, 18.9825008990693, 3.8126767776083454]",0.5228441248375524,64,-7.048549798949001,c1,d3,B30,0,0,65,2,6,0,0,65,C_adam0,output/experiments/B30_c30_a1p41_b1p41/20260709-203023_p64_i300,3.7973151711223867,3.0990482650710076,18.490991656284415,17.99948069112516,6.999753296129375,a1p41_b1p41
"[3.0, 5.999911577538428, 17.999488504112144, 3.8027404826258167]",0.5226684903072275,64,-8.214968589692658,c1,d3,B30,0,0,65,2,6,0,0,65,C_adam1,output/experiments/B30_c30_a1p41_b1p41/20260709-203029_p64_i300,3.7980188287623893,3.7745677732457157,17.99948457347893,17.948507338371684,5.999965669724252,a1p41_b1p41
"[3.0, 3.999976144390339, 7.999947510981521, 3.880106177295506]",0.9127414709029888,7825,-2.3575824209150738,c1,d4,B30,0,0,38250,2,6,0,0,9943,B_b30,output/experiments/B30_c30_a1p41_b1p41/20260709-233252_p64_i1500,3.8801029540910115,3.880099730886517,7.999947507626424,7.999940547863186,3.999976144390339,a1p41_b1p41
"[3.0, 5.999868802221589, 17.99930689966419, 3.7514421534705438]",0.5288918674046207,8005,-4.591122504869603,c1,d4,B30,0,0,38250,2,5,0,0,9344,B_b30,output/experiments/B30_c30_a1p41_b1p41/20260710-010220_p64_i1500,3.7514421534705438,3.7514421534705438,17.99930689966419,17.99930689966419,5.999868802221589,a1p41_b1p41
"[3.0, 5.999868802221589, 17.99930689966419, 3.7514421534705438]",0.5288918674046207,8005,-4.591122504869603,c1,d4,B30,0,0,38250,2,5,0,0,9041,B_b30,output/experiments/B30_c30_a1p41_b1p41/20260710-023247_p64_i1500,3.7514421534705438,3.7514421534705438,17.99930689966419,17.99930689966419,5.999868802221589,a1p41_b1p41
"[3.0, 5.999840797598941, 17.99927974913821, 3.5145501798048695]",0.6468475565979382,64,-4.628335742572287,c1,d4,B30,0,0,65,2,16,0,0,65,C_adam0,output/experiments/B30_c30_a1p41_b1p41/20260710-040236_p64_i300,3.5028328941540376,3.3919033515695203,11.999832146113718,5.999940014948761,5.9999423144231,a1p41_b1p41
"[3.0, 5.99979981236301, 17.998949669589386, 3.6754055885622225]",0.5391479416893508,33,-5.124933866621302,c1,d4,B30,0,0,65,2,16,0,0,65,C_adam1,output/experiments/B30_c30_a1p41_b1p41/20260710-040245_p64_i300,3.499819915401824,2.904710666092809,11.999827892471682,5.999932983168414,5.99979981236301,a1p41_b1p41
"[3.0, 5.999914237010153, 17.999499078360316, 3.8118060171307686]",0.5227700662341824,64,-8.166937385260407,c1,d4,B30,0,0,65,2,5,0,0,65,C_adam0,output/experiments/B30_c30_a1p41_b1p41/20260710-041432_p64_i300,3.805450525158104,3.0445305010287127,17.999498630473326,17.99943008669812,6.999607553481828,a1p41_b1p41
"[3.0, 5.99991026845076, 17.999483032964648, 3.8106938382337354]",0.5228670989067296,6,-8.137705853547232,c1,d4,B30,0,0,65,2,4,0,0,65,C_adam1,output/experiments/B30_c30_a1p41_b1p41/20260710-041439_p64_i300,3.8095650252415716,3.3026134706488444,17.999483032964648,17.994546267441265,5.999913005507772,a1p41_b1p41
"[3.0, 5.999914237010153, 17.999499078360316, 3.8118060171307686]",0.5227700662341824,64,-8.166937385260407,c1,d4,B30,0,0,65,2,5,0,0,65,C_adam0,output/experiments/B30_c30_a1p41_b1p41/20260710-042630_p64_i300,3.805450525158104,3.0445305010287127,17.999498630473326,17.99943008669812,6.999607553481828,a1p41_b1p41
"[3.0, 5.99991026845076, 17.999483032964648, 3.8106938382337354]",0.5228670989067296,6,-8.137705853547232,c1,d4,B30,0,0,65,2,4,0,0,65,C_adam1,output/experiments/B30_c30_a1p41_b1p41/20260710-042635_p64_i300,3.8095650252415716,3.3026134706488444,17.999483032964648,17.994546267441265,5.999913005507772,a1p41_b1p41
"[5.0, 5.999905356594345, 13.999777626342542, 3.960648249833458]",0.7129895935665352,12418,-5.3966795028189045,c1,d5,B30,0,0,74250,2,18,0,0,8224,B_b30,output/experiments/B30_c30_a1p41_b1p41/20260710-091932_p64_i800,3.97479368919622,3.9091003836845797,13.999777626342542,7.9996958483461755,7.999902235747519,a1p41_b1p41
"[3.0, 5.999824909080161, 17.999074564639525, 3.9213226191540365]",0.5026584481049323,8005,-7.592086504422896,c1,d5,B30,0,0,74250,2,9,0,0,7629,B_b30,output/experiments/B30_c30_a1p41_b1p41/20260710-105757_p64_i800,3.7941984134183144,3.7514421534705438,17.99906882774793,14.999584865783607,5.999890042077641,a1p41_b1p41
"[3.0, 5.999824909080161, 17.999074564639525, 3.9213226191540365]",0.5026584481049323,8005,-7.592086504422896,c1,d5,B30,0,0,74250,2,9,0,0,7954,B_b30,output/experiments/B30_c30_a1p41_b1p41/20260710-123612_p64_i800,3.7514421534705438,3.7514421534705438,17.99930689966419,14.999628252579457,5.999890042077641,a1p41_b1p41
"[3.0, 7.999885879306606, 15.999739210131336, 4.330547414564155]",1.015277156626344,64,-3.912369081043229,c1,d5,B30,0,0,65,2,0,,,65,C_adam0,output/experiments/B30_c30_a1p41_b1p41/20260710-141507_p64_i300,,,,,,a1p41_b1p41
"[3.0, 7.999885879306606, 15.999739210131336, 4.330547414564155]",1.015277156626344,64,-3.912369081043229,c1,d5,B30,0,0,65,2,0,,,65,C_adam1,output/experiments/B30_c30_a1p41_b1p41/20260710-141515_p64_i300,,,,,,a1p41_b1p41
"[3.0, 5.999824909080161, 17.999074564639525, 3.9213226191540365]",0.5039425553941663,64,-7.592106102733404,c1,d5,B30,0,0,65,2,9,0,0,65,C_adam0,output/experiments/B30_c30_a1p41_b1p41/20260710-143844_p64_i300,3.7913846849343678,3.736696824206833,17.999074564639525,14.999359960171429,5.999928388492745,a1p41_b1p41
"[3.0, 5.9998232827660445, 17.99903720119216, 3.922504075334178]",0.5038659678000603,64,-7.733223895023684,c1,d5,B30,0,0,65,2,9,0,0,65,C_adam1,output/experiments/B30_c30_a1p41_b1p41/20260710-143857_p64_i300,3.789498783219315,3.7725166545199222,17.99904021279749,14.999304354854257,5.999929165756119,a1p41_b1p41
"[3.0, 5.999824909080161, 17.999074564639525, 3.9213226191540365]",0.5039425553941663,64,-7.592106102733404,c1,d5,B30,0,0,65,2,9,0,0,65,C_adam0,output/experiments/B30_c30_a1p41_b1p41/20260710-150228_p64_i300,3.809598438803187,3.760448856109498,17.999074564639525,14.99930146653314,5.999928854341311,a1p41_b1p41
"[3.0, 5.999824909080161, 17.999074564639525, 3.9213226191540365]",0.5039425553941663,64,-7.592106102733404,c1,d5,B30,0,0,65,2,9,0,0,65,C_adam1,output/experiments/B30_c30_a1p41_b1p41/20260710-150243_p64_i300,3.809598438803187,3.760448856109498,17.999074564639525,14.99930146653314,5.999928854341311,a1p41_b1p41
"[3.0, 7.999891919045212, 15.999798710671916, 4.037477043366186]",0.591203284756446,8410,-3.7432205124801894,c0,d3,B30,0,0,20250,2,20,0,0,6832,B_b30,output/experiments/B30_c30_a2p73_b1p41/20260703-183843_p64_i4000,4.037477043366186,2.1095312509781587,15.999798710671916,3.9090784092698145,9.999864898806516,a2p73_b1p41
"[3.0, 7.9998898850835465, 15.99982515154854, 4.110004195428342]",0.509668432354339,8413,-3.719242855817104,c0,d3,B30,0,0,20250,2,35,0,0,6709,B_b30,output/experiments/B30_c30_a2p73_b1p41/20260703-223259_p64_i4000,4.12152447967965,1.52407880131589,17.999782765061788,7.999899468390625,9.999853112530195,a2p73_b1p41
"[3.0, 7.999897553186577, 15.999838098511763, 4.108307670840926]",0.5095580117456757,8410,-3.740024109688276,c0,d3,B30,0,0,20250,2,13,0,0,6551,B_b30,output/experiments/B30_c30_a2p73_b1p41/20260704-022959_p64_i4000,4.108307670840926,1.52407880131589,15.999838098511763,9.999911497925797,9.999871941483221,a2p73_b1p41
"[3.0, 5.999928477078746, 13.999832163531732, 4.119467743648778]",0.5219523228990403,64,-3.6000026904775733,c0,d3,B30,0,0,65,2,7,0,0,65,C_adam0,output/experiments/B30_c30_a2p73_b1p41/20260704-063713_p64_i300,4.0816393336019114,4.01663335609914,13.99984203302986,13.999832163531732,5.999949493766426,a2p73_b1p41
"[3.0, 6.999894504438444, 14.99981655216776, 4.069554097200747]",0.5217038490357014,64,-3.6443682823974997,c0,d3,B30,0,0,65,2,7,0,0,65,C_adam1,output/experiments/B30_c30_a2p73_b1p41/20260704-063721_p64_i300,4.069554097200747,4.018949801241343,13.999863313333467,13.999840511725232,6.999924280355324,a2p73_b1p41
"[3.0, 7.999897553186577, 15.999838098511763, 4.108307672920043]",0.5094142884523448,64,-3.7400241096979143,c0,d3,B30,0,0,65,2,6,0,0,65,C_adam0,output/experiments/B30_c30_a2p73_b1p41/20260704-065137_p64_i300,3.8703503728656345,2.518639882563024,18.99978481464453,15.999831904859303,9.999863922080955,a2p73_b1p41
"[3.0, 7.999897553186577, 15.999838098511763, 4.108307672920043]",0.5094142884523448,64,-3.7400241096979143,c0,d3,B30,0,0,65,2,6,0,0,64,C_adam1,output/experiments/B30_c30_a2p73_b1p41/20260704-065146_p64_i300,3.3522182008805452,2.565330776777297,20.49958669584037,15.999828122978561,9.999877906538938,a2p73_b1p41
"[3.0, 7.999897553186577, 15.999838098511763, 4.108307672920043]",0.5094142884523448,64,-3.7400241096979143,c0,d3,B30,0,0,65,2,6,0,0,65,C_adam0,output/experiments/B30_c30_a2p73_b1p41/20260704-070325_p64_i300,3.8703503728656345,2.518639882563024,18.99978481464453,15.999831904859303,9.999863922080955,a2p73_b1p41
"[3.0, 7.999897553186577, 15.999838098511763, 4.108307672920043]",0.5094142884523448,64,-3.7400241096979143,c0,d3,B30,0,0,65,2,6,0,0,64,C_adam1,output/experiments/B30_c30_a2p73_b1p41/20260704-070332_p64_i300,3.3522182008805452,2.565330776777297,20.49958669584037,15.999828122978561,9.999877906538938,a2p73_b1p41
"[4.0, 7.9998910760898925, 16.999792410696195, 4.037681123682246]",0.5932506814309629,10705,-5.060197619117685,c0,d4,B30,0,0,38250,2,61,0,0,9503,B_b30,output/experiments/B30_c30_a2p73_b1p41/20260704-112221_p64_i1500,3.951630583722073,1.3143671398281995,15.983410289423611,5.999920602615069,9.999934665136896,a2p73_b1p41
"[4.0, 7.999847958937073, 16.999658632015034, 3.9718187961261116]",0.49195689931834136,10706,-4.646635375399074,c0,d4,B30,0,0,38250,2,31,0,0,8832,B_b30,output/experiments/B30_c30_a2p73_b1p41/20260704-133811_p64_i1500,4.108307672920043,1.3143671398281995,16.999658632015034,7.9997982667999725,9.999928265491047,a2p73_b1p41
"[4.0, 7.999847958937073, 16.999658632015034, 3.9718163918305205]",0.4919569029702976,10706,-4.6466353768755075,c0,d4,B30,0,0,38250,2,25,0,0,8694,B_b30,output/experiments/B30_c30_a2p73_b1p41/20260704-154513_p64_i1500,3.9718163918305205,1.3143671536559378,16.999658598029786,13.72204433128192,9.999758389137076,a2p73_b1p41
"[3.0, 7.999894251056683, 15.999832137390117, 4.105302686288534]",0.5095254179893604,1,-3.733830985914601,c0,d4,B30,0,0,65,2,18,0,0,65,C_adam0,output/experiments/B30_c30_a2p73_b1p41/20260704-175001_p64_i300,4.024104467353785,2.386572198337948,13.999858132160664,11.992952659126829,9.999903719417283,a2p73_b1p41
"[3.0, 7.999893777960068, 15.999831660542423, 4.1039235213166325]",0.5096607092939098,64,-3.7362017327028716,c0,d4,B30,0,0,65,2,18,0,0,65,C_adam1,output/experiments/B30_c30_a2p73_b1p41/20260704-175009_p64_i300,4.06440914655773,1.8482739489178082,13.999849614527776,11.999810537929887,9.999876965294321,a2p73_b1p41
"[4.0, 7.999847189688814, 16.99965859373885, 3.970010298596332]",0.4918102814376316,64,-4.647189698269938,c0,d4,B30,0,0,65,2,10,0,0,65,C_adam0,output/experiments/B30_c30_a2p73_b1p41/20260704-181226_p64_i300,3.5861439741971775,2.0744469446429052,16.499741258755826,11.99981136492878,9.999846812735766,a2p73_b1p41
"[4.0, 7.9998479317902005, 16.99965854461744, 3.970713820107447]",0.4918343778868288,64,-4.6467463639591795,c0,d4,B30,0,0,65,2,10,0,0,65,C_adam1,output/experiments/B30_c30_a2p73_b1p41/20260704-181235_p64_i300,3.5997893553529186,2.253322871009734,16.49974342330991,11.999815170310512,9.999847135461685,a2p73_b1p41
"[4.0, 7.999847189688814, 16.99965859373885, 3.970010298596332]",0.4918102814376316,64,-4.647189698269938,c0,d4,B30,0,0,65,2,11,0,0,65,C_adam0,output/experiments/B30_c30_a2p73_b1p41/20260704-182925_p64_i300,3.782999452258803,2.5238324854387963,16.999655058064906,11.995125913626138,9.999843036353877,a2p73_b1p41
"[4.0, 7.999847189688814, 16.99965859373885, 3.970010298596332]",0.4918102814376316,64,-4.647189698269938,c0,d4,B30,0,0,65,2,12,0,0,65,C_adam1,output/experiments/B30_c30_a2p73_b1p41/20260704-182935_p64_i300,3.6206677652658574,2.1010135501391347,16.999602355943342,11.999824595691491,9.999846347287058,a2p73_b1p41
"[4.0, 7.999847189688814, 16.99965859373885, 3.970010298596332]",0.4918102814376316,64,-4.647189698269938,c0,d4,B30,0,0,65,2,12,0,0,65,C_adam1,output/experiments/B30_c30_a2p73_b1p41/20260704-184630_p64_i300,3.648029795239413,2.12357526035437,16.999654070430715,11.999815771261764,9.999843533315712,a2p73_b1p41
"[3.0, 5.99990311737796, 13.999765827586755, 4.020305167277515]",0.5754837025617355,7915,-3.5204738676722505,c0,d5,B30,0,0,74250,2,41,0,0,7673,B_b30,output/experiments/B30_c30_a2p73_b1p41/20260705-035049_p64_i800,4.020305167277515,1.328708237325233,13.999765827586755,3.9999155229732204,9.999888160563732,a2p73_b1p41
"[4.0, 7.999865568540096, 16.999684824344342, 3.957590608014998]",0.49149385856875516,10706,-5.440377997273246,c0,d5,B30,0,0,74250,2,11,0,0,8049,B_b30,output/experiments/B30_c30_a2p73_b1p41/20260705-062704_p64_i800,3.9617097011919054,1.3143671398281995,16.999658339743593,11.999758300857883,9.999804824387317,a2p73_b1p41
"[4.0, 7.999865568540096, 16.999684824344342, 3.957590608014998]",0.49149385856875516,10705,-5.440377997273246,c0,d5,B30,0,0,74250,2,14,0,0,8658,B_b30,output/experiments/B30_c30_a2p73_b1p41/20260705-084323_p64_i800,3.9609168055874857,1.3143671398281995,16.99965598128908,11.999747080168271,9.999714015720485,a2p73_b1p41
"[4.0, 5.999881236221078, 14.999617240647174, 3.9326854481950484]",0.501545963938457,64,-4.445548160440358,c0,d5,B30,0,0,65,2,18,0,0,65,C_adam0,output/experiments/B30_c30_a2p73_b1p41/20260705-110126_p64_i300,3.6182045753874887,2.437624816699085,12.999809924082365,3.9999236563557723,9.999870278407682,a2p73_b1p41
"[4.0, 5.999882414213507, 14.999622734142315, 3.92389179899582]",0.5015026693388955,64,-4.4490034330702874,c0,d5,B30,0,0,65,2,18,0,0,65,C_adam1,output/experiments/B30_c30_a2p73_b1p41/20260705-110134_p64_i300,3.678527487024728,2.4217829249884573,12.999806005523787,3.9999323820103543,9.999871397940328,a2p73_b1p41
"[4.0, 7.999865568540096, 16.999684824344342, 3.9575905389990655]",0.4913902638725305,64,-5.440377997273246,c0,d5,B30,0,0,65,2,14,0,0,65,C_adam0,output/experiments/B30_c30_a2p73_b1p41/20260705-114428_p64_i300,3.9607469099084973,3.597395209308397,16.999660146513158,11.999823557419734,9.9999046885535,a2p73_b1p41
"[4.0, 7.999865568540096, 16.999684824344342, 3.9575905389990655]",0.4913902638725305,64,-5.440377997273246,c0,d5,B30,0,0,65,2,14,0,0,65,C_adam1,output/experiments/B30_c30_a2p73_b1p41/20260705-114431_p64_i300,3.9520930471426787,3.5462672884593145,16.99965941980713,11.999815971667545,9.999901596247033,a2p73_b1p41
"[4.0, 7.999865568540096, 16.999684824344342, 3.9575905389990655]",0.4913902638725305,64,-5.440377997273246,c0,d5,B30,0,0,65,2,14,0,0,65,C_adam0,output/experiments/B30_c30_a2p73_b1p41/20260705-121300_p64_i300,3.965105833986474,3.5036610103827757,16.999655699050784,11.999817574418064,9.999897783025599,a2p73_b1p41
"[4.0, 7.999865568540096, 16.999684824344342, 3.9575905389990655]",0.4913902638725305,64,-5.440377997273246,c0,d5,B30,0,0,65,2,14,0,0,65,C_adam1,output/experiments/B30_c30_a2p73_b1p41/20260705-121303_p64_i300,3.9546913560273147,3.5716874073884117,16.999655410440653,11.999821146860729,9.999893258591777,a2p73_b1p41
"[4.0, 5.99986521680173, 14.999568734397315, 3.9327308572313697]",0.502153904152943,64,-4.41818991654158,c1,d5,B30,0,0,65,2,17,0,0,65,C_adam1,output/experiments/B30_c30_a2p73_b1p41/20260705-232539_p64_i300,3.671763639203782,2.437814418280343,13.999763317329322,3.9999248964692677,9.999870641308538,a2p73_b1p41
"[4.0, 7.999865568540096, 16.999684824344342, 3.9575905389990655]",0.4913902638725305,64,-5.440377997273246,c1,d5,B30,0,0,65,2,18,0,0,65,C_adam0,output/experiments/B30_c30_a2p73_b1p41/20260705-234930_p64_i300,3.88513432349378,2.437113013594821,16.999641335367375,3.999890777227252,7.999866355961528,a2p73_b1p41
"[4.0, 7.999865568540096, 16.999684824344342, 3.9575905389990655]",0.4913902638725305,64,-5.440377997273246,c1,d5,B30,0,0,65,2,18,0,0,65,C_adam1,output/experiments/B30_c30_a2p73_b1p41/20260705-234933_p64_i300,3.88513432349378,2.437113013594821,16.999641335367375,3.999890777227252,7.999866355961528,a2p73_b1p41
"[4.0, 7.9998672260497985, 16.999707454485904, 3.957273737673436]",0.49134428333277314,64,-5.412634616907042,c1,d5,B30,0,0,65,2,18,0,0,65,C_adam0,output/experiments/B30_c30_a2p73_b1p41/20260706-001339_p64_i300,3.873295849600762,2.442227231093313,16.99964835233242,3.9997858914685898,7.9998672260497985,a2p73_b1p41
"[4.0, 7.9998684386875105, 16.999718558213537, 3.956998893763105]",0.4913072327680399,64,-5.355551499744085,c1,d5,B30,0,0,65,2,18,0,0,65,C_adam1,output/experiments/B30_c30_a2p73_b1p41/20260706-003742_p64_i300,3.8423737851993653,2.337041385019189,16.999640463971176,3.9998877400441697,7.9998684386875105,a2p73_b1p41
"[4.0, 7.99986746787211, 16.99971628932402, 3.958116315389532]",0.4912862109807681,64,-5.35693401297761,c1,d5,B30,0,0,65,2,18,0,0,65,C_adam1,output/experiments/B30_c30_a2p73_b1p41/20260706-010144_p64_i300,3.8607532139240037,2.4336653080892074,16.999643875538442,3.9997831944425877,7.999868444846726,a2p73_b1p41
"[4.0, 7.9998684386875105, 16.999718558213537, 3.956998893763105]",0.4913072327680399,64,-5.355551499744085,c1,d5,B30,0,0,65,2,18,0,0,65,C_adam0,output/experiments/B30_c30_a2p73_b1p41/20260706-010148_p64_i300,3.872415794155865,2.4395789883539987,16.999644951421494,3.999868730768589,7.9998684386875105,a2p73_b1p41
"[6.0, 9.999694736772293, 19.99938303183372, 4.428663627066786]",0.865774199124647,15700,-2.936675749165151,c1,d3,B30,0,0,20250,2,61,0,0,7372,B_b30,output/experiments/B30_c30_a2p73_b1p41/20260706-012407_p64_i4000,4.5347234078254175,1.3595469222131975,19.99938303183372,9.999740311714335,9.999779105004116,a2p73_b1p41
"[4.0, 7.999872278808832, 16.99972306839539, 3.9588367466291423]",0.49127498832466304,64,-5.40782882167723,c1,d5,B30,0,0,65,2,18,0,0,65,C_adam1,output/experiments/B30_c30_a2p73_b1p41/20260706-012550_p64_i300,3.867379926342714,2.428411358414942,16.999637916378283,3.9998696821317186,7.999872278808832,a2p73_b1p41
"[4.0, 7.999871171017648, 16.999717725040963, 3.95892608603101]",0.49125207672032906,64,-5.441594456859225,c1,d5,B30,0,0,65,2,18,0,0,65,C_adam1,output/experiments/B30_c30_a2p73_b1p41/20260706-014128_p64_i300,3.8717566815459543,2.3776783969375215,16.99964464118282,3.999893672554586,7.999871171017648,a2p73_b1p41
"[4.0, 7.999871171017648, 16.999717725040963, 3.95892608603101]",0.49125207672032906,64,-5.441594456859225,c1,d5,B30,0,0,65,2,18,0,0,65,C_adam1,output/experiments/B30_c30_a2p73_b1p41/20260706-015659_p64_i300,3.8717566815459543,2.3776783969375215,16.99964464118282,3.999893672554586,7.999871171017648,a2p73_b1p41
"[5.0, 7.998845023645006, 15.949424335868642, 2.1103830637783174]",0.9716056216174269,12913,-4.25969239212983,c1,d3,B30,0,0,20250,2,43,0,0,7162,B_b30,output/experiments/B30_c30_a2p73_b1p41/20260706-055419_p64_i4000,2.525431477186279,1.395275558870335,19.99922160160061,3.999887686212058,9.999922066898518,a2p73_b1p41
"[4.0, 4.999932293875879, 11.999825439351712, 3.5822870635691615]",0.6556555897599246,64,-4.275273255088954,c1,d3,B30,0,0,65,2,11,0,0,65,C_adam0,output/experiments/B30_c30_a2p73_b1p41/20260706-103558_p64_i300,3.5570729800625758,2.31468348435744,11.999817650876814,7.999695525934637,9.999872971262441,a2p73_b1p41
"[4.0, 4.999933484451601, 11.999830834146797, 3.5823641204468917]",0.6557026953198295,64,-4.284130435216352,c1,d3,B30,0,0,65,2,8,0,0,65,C_adam1,output/experiments/B30_c30_a2p73_b1p41/20260706-103607_p64_i300,3.5835733284133773,3.3129671825180544,11.999830839632894,11.99980173224531,5.999948040859323,a2p73_b1p41
"[4.0, 4.999928012048558, 11.999818723082344, 3.582885672486129]",0.6557315102575166,64,-4.2657031027184455,c1,d3,B30,0,0,65,2,17,0,0,65,C_adam0,output/experiments/B30_c30_a2p73_b1p41/20260706-104645_p64_i300,3.574098883086987,2.0911460097604317,11.999838565688712,10.999881185197939,9.999893056321875,a2p73_b1p41
"[4.0, 5.999768732060403, 12.999567787524517, 3.6324324438766027]",0.6165201478176205,64,-4.210383818074915,c1,d3,B30,0,0,65,2,17,0,0,65,C_adam1,output/experiments/B30_c30_a2p73_b1p41/20260706-104653_p64_i300,3.5011873434119947,2.2220191990545004,12.998639174153505,9.999813470848524,9.9998613550266,a2p73_b1p41
"[4.0, 5.999768732060403, 12.999567787524517, 3.6324324438766027]",0.6165201478176205,64,-4.210383818074915,c1,d3,B30,0,0,65,2,17,0,0,65,C_adam1,output/experiments/B30_c30_a2p73_b1p41/20260706-105809_p64_i300,3.5011873434119947,2.2220191990545004,12.998639174153505,9.999813470848524,9.9998613550266,a2p73_b1p41
"[3.0, 7.999895691408105, 9.999863420669696, 3.8990973671230087]",0.7200828360998327,8323,-2.3930296192394933,c1,d4,B30,0,0,38250,2,36,0,0,9945,B_b30,output/experiments/B30_c30_a2p73_b1p41/20260706-164214_p64_i1500,3.898543590015862,1.3595469222131975,9.999835746256569,7.999889028351745,9.999868511887758,a2p73_b1p41
"[5.0, 7.591352783865633, 17.591216354711758, 2.3399935242371166]",1.0024278165417226,12955,-4.795187661842732,c1,d4,B30,0,0,38250,2,30,0,0,9431,B_b30,output/experiments/B30_c30_a2p73_b1p41/20260706-183819_p64_i1500,1.6685698244225995,1.4086659299326663,11.99977403988477,11.999587173529767,9.999850878177224,a2p73_b1p41
"[3.0, 7.999902149795089, 10.999770011833393, 3.6587286631064853]",0.6550125898969075,57,-3.319626604810802,c1,d4,B30,0,0,65,2,16,0,0,65,C_adam0,output/experiments/B30_c30_a2p73_b1p41/20260706-203222_p64_i300,3.6574749223282454,2.9249697243761874,10.999770011833393,7.999718954287993,7.999911079456891,a2p73_b1p41
"[4.0, 4.999932442872593, 11.999830413499907, 3.5830589837725118]",0.6557612564496739,64,-4.29364727699956,c1,d4,B30,0,0,65,2,17,0,0,65,C_adam1,output/experiments/B30_c30_a2p73_b1p41/20260706-203230_p64_i300,3.588738015175455,2.514196913472933,10.999706660133226,7.999572025716917,7.99989103087533,a2p73_b1p41
"[4.0, 4.999945229782891, 11.99986069270218, 3.58125738243164]",0.6556835869118312,64,-4.323711741131209,c1,d4,B30,0,0,65,2,13,0,0,65,C_adam0,output/experiments/B30_c30_a2p73_b1p41/20260706-204536_p64_i300,3.4546312488990525,2.3009324212977043,11.999824764660719,10.999845601165289,9.99986833573115,a2p73_b1p41
"[4.0, 4.999902906413778, 10.999783461379467, 3.583256328076909]",0.6545306194732736,64,-4.135980858398297,c1,d4,B30,0,0,65,2,12,0,0,65,C_adam1,output/experiments/B30_c30_a2p73_b1p41/20260706-204541_p64_i300,3.5106982600897867,2.312808622401112,11.999809575659311,10.999782369584691,9.999882298700415,a2p73_b1p41
"[4.0, 4.999902906413778, 10.999783461379467, 3.583256328076909]",0.6545306194732736,64,-4.135980858398297,c1,d4,B30,0,0,65,2,12,0,0,65,C_adam1,output/experiments/B30_c30_a2p73_b1p41/20260706-210044_p64_i300,3.5106982600897867,2.312808622401112,11.999809575659311,10.999782369584691,9.999882298700415,a2p73_b1p41
"[4.0, 5.999905356594345, 13.999777626342542, 3.960648249833442]",0.5580748951040858,10166,-4.484614297853302,c1,d5,B30,0,0,74250,2,21,0,0,7991,B_b30,output/experiments/B30_c30_a2p73_b1p41/20260707-032329_p64_i800,3.960648249833442,1.4762440749615184,13.999667905333782,3.9999155229732204,9.999914209458431,a2p73_b1p41
"[4.0, 7.9998684386875105, 16.999718558213537, 3.956998963683727]",0.4914102360005283,10707,-5.355551499744086,c1,d5,B30,0,0,74250,2,16,0,0,7989,B_b30,output/experiments/B30_c30_a2p73_b1p41/20260707-053157_p64_i800,3.956998963683727,1.4011949379909694,16.999680544885898,11.999596638664475,9.999659662273586,a2p73_b1p41
"[4.0, 7.9998684386875105, 16.999718558213537, 3.956998963683727]",0.4914102360005283,10709,-5.355551499744086,c1,d5,B30,0,0,74250,2,17,0,0,8056,B_b30,output/experiments/B30_c30_a2p73_b1p41/20260707-074407_p64_i800,3.956998963683727,1.4011949379909694,16.999642531558255,11.999596638664475,9.999659662273586,a2p73_b1p41
"[4.0, 5.999883511145322, 14.999618673536506, 3.930922823188899]",0.5015133329423839,64,-4.451690980593533,c1,d5,B30,0,0,65,2,18,0,0,65,C_adam0,output/experiments/B30_c30_a2p73_b1p41/20260707-095621_p64_i300,3.6724318164063616,2.437572936184499,11.99984054120445,3.999911303763299,7.999893520513972,a2p73_b1p41
"[4.0, 5.999883511145322, 14.999618673536506, 3.930922823188899]",0.5015133329423839,64,-4.451690980593533,c1,d5,B30,0,0,65,2,18,0,0,65,C_adam1,output/experiments/B30_c30_a2p73_b1p41/20260707-095630_p64_i300,3.6724318164063616,2.437572936184499,11.99984054120445,3.999911303763299,7.999893520513972,a2p73_b1p41
"[4.0, 7.999871171017648, 16.999717725040963, 3.95892608603101]",0.49125207672032906,64,-5.441594456859225,c1,d5,B30,0,0,65,2,17,0,0,65,C_adam0,output/experiments/B30_c30_a2p73_b1p41/20260707-102639_p64_i300,3.929230967653597,2.3412268321454626,16.99970486098279,11.995095130378072,9.999870186344703,a2p73_b1p41
"[4.0, 7.999871171017648, 16.999717725040963, 3.95892608603101]",0.49125207672032906,64,-5.441594456859225,c1,d5,B30,0,0,65,2,17,0,0,65,C_adam1,output/experiments/B30_c30_a2p73_b1p41/20260707-102644_p64_i300,3.918538479455954,2.3411349402142845,16.999704315135443,11.995298215159984,9.999885710786918,a2p73_b1p41
"[4.0, 7.999871171017648, 16.999717725040963, 3.95892608603101]",0.49125207672032906,64,-5.441594456859225,c1,d5,B30,0,0,65,2,17,0,0,65,C_adam0,output/experiments/B30_c30_a2p73_b1p41/20260707-105624_p64_i300,3.929230967653597,2.3412268321454626,16.99970486098279,11.995095130378072,9.999870186344703,a2p73_b1p41
"[4.0, 7.999871171017648, 16.999717725040963, 3.95892608603101]",0.49125207672032906,64,-5.441594456859225,c1,d5,B30,0,0,65,2,17,0,0,65,C_adam1,output/experiments/B30_c30_a2p73_b1p41/20260707-105634_p64_i300,3.929230967653597,2.3412268321454626,16.99970486098279,11.995095130378072,9.999870186344703,a2p73_b1p41
