group,design,depth,exp_O,vs_gaussian,Nc_before,Nc_after,prob_before,prob_after,prob_gain,sqdb_before,sqdb_after,negvol_before,negvol_after,han_valid,after_source,provenance
00B_c30_a1p00_b1p00,00B,3,0.633099035936272,-0.0335676307303949,8,6,1.1239256765866624e-05,0.001875173603701801,10.524150488910234,7.714451939665156,11.976851765606387,2.8043416652970263,3.1529265547428382,True,architecture_rule,output_old/experiments/00B_c30_a1p00_b1p00/20260521-154804_p64_i2500#62
00B_c30_a1p00_b1p00,00B,3,0.633099035936272,-0.0335676307303949,8,6,1.1239256765866624e-05,0.001875173603701801,10.524150488910234,7.714451939665156,11.976851765606387,2.8043416652970263,3.1529265547428382,True,architecture_rule,experiments/00B_c30_a1p00_b1p00/20260521-154804_p64_i2500#62
00B_c30_a1p00_b1p00,00B,3,0.633099035936272,-0.0335676307303949,8,6,1.1239256765866624e-05,0.001875173603701801,10.524150488910234,7.714451939665156,11.976851765606387,2.8043416652970263,3.1529265547428382,True,architecture_rule,output_oldold/experiments/00B_c30_a1p00_b1p00/20260521-154804_p64_i2500#62
00B_c30_a1p00_b1p00,00B,3,0.6894452564579148,0.0227785897912478,10,4,5.633899686132268e-05,0.011744386642483515,40.809937024727176,9.85623203278759,9.737250340908735,2.711014574281089,2.717687288265934,True,architecture_rule,experiments/00B_c30_a1p00_b1p00/20260528-224333_p64_i2500#35
00B_c30_a1p00_b1p00,00B,3,0.6894452564579148,0.0227785897912478,10,4,5.633899686132268e-05,0.011744386642483515,40.809937024727176,9.85623203278759,9.737250340908735,2.711014574281089,2.717687288265934,True,architecture_rule,output_oldold/experiments/00B_c30_a1p00_b1p00/20260528-224333_p64_i2500#35
00B_c30_a1p00_b1p00,00B,3,0.6894452564579148,0.0227785897912478,10,4,5.633899686132268e-05,0.011744386642483515,40.809937024727176,9.85623203278759,9.737250340908735,2.711014574281089,2.717687288265934,True,architecture_rule,experiments/00B_c30_a1p00_b1p00/20260529-034221_p64_i2500#1050
00B_c30_a1p00_b1p00,00B,3,0.6894452564579148,0.0227785897912478,10,4,5.633899686132268e-05,0.011744386642483515,40.809937024727176,9.85623203278759,9.737250340908735,2.711014574281089,2.717687288265934,True,architecture_rule,output_oldold/experiments/00B_c30_a1p00_b1p00/20260529-034221_p64_i2500#1050
00B_c30_a1p00_b1p00,00B,3,0.6894452564579148,0.0227785897912478,10,4,5.633899686132268e-05,0.011744386642483515,40.809937024727176,9.85623203278759,9.737250340908735,2.711014574281089,2.717687288265934,True,architecture_rule,output_old/experiments/00B_c30_a1p00_b1p00/20260529-034221_p64_i2500#1050
00B_c30_a1p00_b1p00,00B,3,0.7220612760341069,0.0553946093674398,5,3,0.0020214624747421995,0.05422720630549823,6.9580986102321365,8.902076244428851,6.815395137209451,2.8990453234767717,2.200115627727276,True,architecture_rule,experiments/00B_c30_a1p00_b1p00/20260521-170446_p64_i2500#6
00B_c30_a1p00_b1p00,00B,3,0.7220612760341069,0.0553946093674398,5,3,0.0020214624747421995,0.05422720630549823,6.9580986102321365,8.902076244428851,6.815395137209451,2.8990453234767717,2.200115627727276,True,architecture_rule,output_oldold/experiments/00B_c30_a1p00_b1p00/20260521-170446_p64_i2500#6
00B_c30_a1p00_b1p00,00B,3,0.7220612760341069,0.0553946093674398,5,3,0.0020214624747421995,0.05422720630549823,6.9580986102321365,8.902076244428851,6.815395137209451,2.8990453234767717,2.200115627727276,True,architecture_rule,output_old/experiments/00B_c30_a1p00_b1p00/20260521-170446_p64_i2500#6
00B_c30_a1p00_b1p00,00B,3,0.7230889202399489,0.0564222535732819,14,6,0.05736382000815045,0.0,0.0,16.18927290896056,0.0,0.5910469951521852,4.8373872463751315,False,core_exact,experiments/00B_c30_a1p00_b1p00/20260521-031239_p64_i2500#455
00B_c30_a1p00_b1p00,00B,3,0.7230889202399489,0.0564222535732819,14,6,0.05736382000815045,0.0,0.0,16.18927290896056,0.0,0.5910469951521852,4.8373872463751315,False,core_exact,experiments/00B_c30_a1p00_b1p00/20260521-031239_p64_i2500#456
00B_c30_a1p00_b1p00,00B,3,0.7230889202399489,0.0564222535732819,14,6,0.05736382000815045,0.0,0.0,16.18927290896056,0.0,0.5910469951521852,4.8373872463751315,False,core_exact,output_old/experiments/00B_c30_a1p00_b1p00/20260521-031239_p64_i2500#455
00B_c30_a1p00_b1p00,00B,3,0.7230889202399489,0.0564222535732819,14,6,0.05736382000815045,0.0,0.0,16.18927290896056,0.0,0.5910469951521852,4.8373872463751315,False,core_exact,output_oldold/experiments/00B_c30_a1p00_b1p00/20260521-031239_p64_i2500#455
00B_c30_a1p00_b1p00,00B,3,0.7230889202399489,0.0564222535732819,14,6,0.05736382000815045,0.0,0.0,16.18927290896056,0.0,0.5910469951521852,4.8373872463751315,False,core_exact,output_oldold/experiments/00B_c30_a1p00_b1p00/20260521-031239_p64_i2500#456
00B_c30_a1p00_b1p00,00B,3,0.7263157694694397,0.0596491028027726,11,5,0.06530633954075421,0.0,0.0,14.828462075102017,0.0,1.0971180393415703,5.9316788794411766,False,core_exact,output_oldold/experiments/00B_c30_a1p00_b1p00/20260613-072014_p64_i2500#1604
00B_c30_a1p00_b1p00,00B,3,0.7263157694694397,0.0596491028027726,11,5,0.06530633954075421,0.0,0.0,14.828462075102017,0.0,1.0971180393415703,5.9316788794411766,False,core_exact,experiments/00B_c30_a1p00_b1p00/20260613-072014_p64_i2500#1604
00B_c30_a1p00_b1p00,00B,3,0.7265898609525454,0.0599231942858784,6,2,0.23299790751995228,0.0,0.0,15.159313082355323,0.0,1.1905654637990286,3.3864295161608142,False,core_exact,output_oldold/experiments/00B_c30_a1p00_b1p00/20260520-205637_p64_i2500#350
00B_c30_a1p00_b1p00,00B,3,0.7265898609525454,0.0599231942858784,6,2,0.23299790751995228,0.0,0.0,15.159313082355323,0.0,1.1905654637990286,3.3864295161608142,False,core_exact,experiments/00B_c30_a1p00_b1p00/20260520-205637_p64_i2500#350
00B_c30_a1p41_b1p41,00B,3,0.8870954138187921,-0.0724644716938436,8,4,1.5373029590779026e-06,0.014831042623081166,510.03737800082126,6.189221581438877,10.946635755449881,2.9739646659132477,3.137141507084507,True,architecture_rule,experiments/00B_c30_a1p41_b1p41/20260614-134123_p64_i2500#1301
00B_c30_a1p41_b1p41,00B,3,0.8870954138187921,-0.0724644716938436,8,4,1.5373029590779026e-06,0.014831042623081166,510.03737800082126,6.189221581438877,10.946635755449881,2.9739646659132477,3.137141507084507,True,architecture_rule,output_oldold/experiments/00B_c30_a1p41_b1p41/20260614-134123_p64_i2500#1301
00B_c30_a1p41_b1p41,00B,3,0.9211077895234244,-0.0384520959892111,6,6,0.0038220249087637455,0.005667462730429812,0.7263743973783736,9.368224611818896,9.15951819360361,1.9710610700944708,1.9710610700944708,True,architecture_rule,experiments/00B_c30_a1p41_b1p41/20260614-134123_p64_i2500#1300
00B_c30_a1p41_b1p41,00B,3,0.9211077895234244,-0.0384520959892111,6,6,0.0038220249087637455,0.005667462730429812,0.7263743973783736,9.368224611818896,9.15951819360361,1.9710610700944708,1.9710610700944708,True,architecture_rule,experiments/00B_c30_a1p41_b1p41/20260614-142849_p64_i2500#1303
00B_c30_a1p41_b1p41,00B,3,0.9211077895234244,-0.0384520959892111,6,6,0.0038220249087637455,0.005667462730429812,0.7263743973783736,9.368224611818896,9.15951819360361,1.9710610700944708,1.9710610700944708,True,architecture_rule,output_oldold/experiments/00B_c30_a1p41_b1p41/20260614-134123_p64_i2500#1300
00B_c30_a1p41_b1p41,00B,3,0.9211077895234244,-0.0384520959892111,6,6,0.0038220249087637455,0.005667462730429812,0.7263743973783736,9.368224611818896,9.15951819360361,1.9710610700944708,1.9710610700944708,True,architecture_rule,output_oldold/experiments/00B_c30_a1p41_b1p41/20260614-142849_p64_i2500#1303
00B_c30_a1p41_b1p41,00B,3,0.9591023722883616,-0.0004575132242742,6,6,0.0040493516469236315,0.006171142911443947,0.7767616563788108,9.328459498914226,9.158431909434595,1.8039426985680116,1.8039426985680116,True,architecture_rule,experiments/00B_c30_a1p41_b1p41/20260614-142849_p64_i2500#1304
00B_c30_a1p41_b1p41,00B,3,0.9591023722883616,-0.0004575132242742,6,6,0.0040493516469236315,0.006171142911443947,0.7767616563788108,9.328459498914226,9.158431909434595,1.8039426985680116,1.8039426985680116,True,architecture_rule,output_oldold/experiments/00B_c30_a1p41_b1p41/20260614-142849_p64_i2500#1304
00B_c30_a2p73_b1p41,00B,3,0.5725715119723103,-0.5167448845812634,11,7,2.4123721361179054e-06,0.0006060956075407574,24.6168510494214,9.369321191897445,13.399102134900176,3.6654387661022434,1.9455716134813548,True,architecture_rule,experiments/00B_c30_a2p73_b1p41/20260616-165402_p64_i2500#1050
00B_c30_a2p73_b1p41,00B,3,0.5725715119723103,-0.5167448845812634,11,7,2.4123721361179054e-06,0.0006060956075407574,24.6168510494214,9.369321191897445,13.399102134900176,3.6654387661022434,1.9455716134813548,True,architecture_rule,experiments/00B_c30_a2p73_b1p41/20260616-171728_p64_i2500#1050
00B_c30_a2p73_b1p41,00B,3,0.6507648818232077,-0.438551514730366,8,6,3.341151689029716e-06,0.0016435859182104052,17.904131734759456,8.594062661495267,12.632277325300423,3.868303500961498,3.608490630088557,True,architecture_rule,experiments/00B_c30_a2p73_b1p41/20260616-165402_p64_i2500#803
00B_c30_a2p73_b1p41,00B,3,0.6507648818232077,-0.438551514730366,8,6,3.341151689029716e-06,0.0016435859182104052,17.904131734759456,8.594062661495267,12.632277325300423,3.868303500961498,3.608490630088557,True,architecture_rule,experiments/00B_c30_a2p73_b1p41/20260616-165402_p64_i2500#804
00B_c30_a2p73_b1p41,00B,3,0.6507648818232077,-0.438551514730366,8,6,3.341151689029716e-06,0.0016435859182104052,17.904131734759456,8.594062661495267,12.632277325300423,3.868303500961498,3.608490630088557,True,architecture_rule,experiments/00B_c30_a2p73_b1p41/20260616-171728_p64_i2500#804
00B_c30_a2p73_b1p41,00B,3,0.759979166369331,-0.3293372301842426,6,4,0.0025609186822890036,0.023209496697130187,5.333614669575825,9.114103674556455,11.256334653799982,3.8990512154316708,3.386086586640838,True,architecture_rule,experiments/00B_c30_a2p73_b1p41/20260616-165402_p64_i2500#551
00B_c30_a2p73_b1p41,00B,3,0.759979166369331,-0.3293372301842426,6,4,0.0025609186822890036,0.023209496697130187,5.333614669575825,9.114103674556455,11.256334653799982,3.8990512154316708,3.386086586640838,True,architecture_rule,experiments/00B_c30_a2p73_b1p41/20260616-171728_p64_i2500#551
00B_c30_a2p73_b1p41,00B,3,0.807588159354593,-0.2817282371989806,6,2,0.0029310048333341552,0.029876435797569108,4.463297456789038,9.193347716723107,8.2143284643511,3.3069228446921843,3.4778775389660725,True,architecture_rule,experiments/00B_c30_a2p73_b1p41/20260616-171728_p64_i2500#801
00B_c30_a2p73_b1p41,00B,3,0.8134833873237926,-0.2758330092297811,6,2,0.0033160364105664633,0.03117276931241752,4.6170453033671635,9.644383757283983,8.296015094771754,3.417120729555433,3.5526004010160372,True,architecture_rule,experiments/00B_c30_a2p73_b1p41/20260616-171728_p64_i2500#802
00B_c30_a2p73_b1p41,00B,3,0.8166955578377508,-0.2726208387158229,6,2,0.0003965032000326386,0.030037389119196317,2.06567470684659,5.770436432047574,7.994924757033613,3.0046481501916973,3.082080053464363,True,architecture_rule,experiments/00B_c30_a2p73_b1p41/20260616-165402_p64_i2500#1051
00B_c30_a2p73_b1p41,00B,3,1.2300276428055368,0.140711246251963,14,6,6.912162096349984e-05,0.0986811134385425,4.063622471210679,8.77406264734834,12.891672247050876,1.0574823511487819,0.05167368903870395,True,core_exact,output_old/experiments/00B_c30_a2p73_b1p41/20260529-081916_p64_i2500#1955
00B_c30_a2p73_b1p41,00B,3,1.2300276428055368,0.140711246251963,14,6,6.912162096349984e-05,0.0986811134385425,4.063622471210679,8.77406264734834,12.891672247050876,1.0574823511487819,0.05167368903870395,True,core_exact,output_old/experiments/00B_c30_a2p73_b1p41/20260529-081916_p64_i2500#1957
00B_c30_a2p73_b1p41,00B,3,1.2300276428055368,0.140711246251963,14,6,6.912162096349984e-05,0.0986811134385425,4.063622471210679,8.77406264734834,12.891672247050876,1.0574823511487819,0.05167368903870395,True,core_exact,output_old/experiments/00B_c30_a2p73_b1p41/20260529-085205_p64_i2500#1955
00B_c30_a2p73_b1p41,00B,3,1.2300276428055368,0.140711246251963,14,6,6.912162096349984e-05,0.0986811134385425,4.063622471210679,8.77406264734834,12.891672247050876,1.0574823511487819,0.05167368903870395,True,core_exact,output_old/experiments/00B_c30_a2p73_b1p41/20260529-085205_p64_i2500#1956
00B_c30_a2p73_b1p41,00B,3,1.7051988593246334,0.6158824627710597,4,2,0.300584502455368,,,6.722846193260516,0.0,1.3368859889798879,3.3864295161608142,False,core_exact,output_old/experiments/00B_c30_a2p73_b1p41/20260529-081916_p64_i2500#800
0_c30_a1p00_b1p41,0,3,1.037450674296167,0.0374506742961671,4,2,0.001274176267053841,0.13666914109214248,82.16068463798655,9.845333023173012,8.112061957989544,1.42411002581453,1.6974057809498255,True,core_exact,experiments/0_c30_a1p00_b1p41/20260226-125913_p64_i2500#1054
0_c30_a1p00_b1p41,0,3,1.037450674296167,0.0374506742961671,4,2,0.001274176267053841,0.13666914109214248,82.16068463798655,9.845333023173012,8.112061957989544,1.42411002581453,1.6974057809498255,True,core_exact,output_oldold/experiments/0_c30_a1p00_b1p41/20260226-125913_p64_i2500#1054
0_c30_a1p00_b1p41,0,3,1.037450674296167,0.0374506742961671,4,2,0.001274176267053841,0.13666914109214248,82.16068463798655,9.845333023173012,8.112061957989544,1.42411002581453,1.6974057809498255,True,core_exact,output_old/experiments/0_c30_a1p00_b1p41/20260226-125913_p64_i2500#1054
0_c30_a1p00_b1p41,0,3,1.0482863964690572,0.0482863964690571,4,2,0.022041096779361342,0.05960741393998266,2.7495819210484482,11.385279683800718,7.685995158318682,1.4791002085079565,1.7989047975736352,True,architecture_rule,experiments/0_c30_a1p00_b1p41/20260226-122845_p64_i2500#1054
0_c30_a1p00_b1p41,0,3,1.0482863964690572,0.0482863964690571,4,2,0.022041096779361342,0.05960741393998266,2.7495819210484482,11.385279683800718,7.685995158318682,1.4791002085079565,1.7989047975736352,True,architecture_rule,output_oldold/experiments/0_c30_a1p00_b1p41/20260226-122845_p64_i2500#1054
0_c30_a1p00_b1p41,0,3,1.0482863964690572,0.0482863964690571,4,2,0.022041096779361342,0.05960741393998266,2.7495819210484482,11.385279683800718,7.685995158318682,1.4791002085079565,1.7989047975736352,True,architecture_rule,output_old/experiments/0_c30_a1p00_b1p41/20260226-122845_p64_i2500#1054
0_c30_a1p00_b1p41,0,3,1.0567984609733785,0.0567984609733782,10,4,0.19770617360235282,,,14.291353999807134,0.0,0.9785898900890406,5.550842238006512,False,core_exact,output_oldold/experiments/0_c30_a1p00_b1p41/20260226-125913_p64_i2500#1150
0_c30_a1p00_b1p41,0,3,1.0567984609733785,0.0567984609733782,10,4,0.19770617360235282,,,14.291353999807134,0.0,0.9785898900890406,5.550842238006512,False,core_exact,experiments/0_c30_a1p00_b1p41/20260226-125913_p64_i2500#1150
0_c30_a1p00_b1p41,0,3,1.0721712673506891,0.0721712673506891,0,0,0.9439708879924154,1.0,1.0412454338429924,13.144407043007442,1.928654933106574e-15,0.7619912831005959,0.7619912831005959,True,architecture_rule,output_oldold/experiments/0_c30_a1p00_b1p41/20260226-125913_p64_i2500#500
0_c30_a1p00_b1p41,0,3,1.0721712673506891,0.0721712673506891,0,0,0.9439708879924154,1.0,1.0412454338429924,13.144407043007442,1.928654933106574e-15,0.7619912831005959,0.7619912831005959,True,architecture_rule,output_oldold/experiments/0_c30_a1p00_b1p41/20260226-122845_p64_i2500#500
0_c30_a1p00_b1p41,0,3,1.0721712673506891,0.0721712673506891,0,0,0.9439708879924154,1.0,1.0412454338429924,13.144407043007442,1.928654933106574e-15,0.7619912831005959,0.7619912831005959,True,architecture_rule,experiments/0_c30_a1p00_b1p41/20260226-122845_p64_i2500#500
0_c30_a1p00_b1p41,0,3,1.0721712673506891,0.0721712673506891,0,0,0.9439708879924154,1.0,1.0412454338429924,13.144407043007442,1.928654933106574e-15,0.7619912831005959,0.7619912831005959,True,architecture_rule,experiments/0_c30_a1p00_b1p41/20260226-125913_p64_i2500#500
0_c30_a1p00_b1p41,0,3,1.0771994212719422,0.0771994212719422,0,0,0.9867289947683605,1.0,1.000001340298798,12.830370072333801,1.3467797397862324e-11,0.7081652442366884,0.7081652442366884,True,architecture_rule,output_oldold/experiments/0_c30_a1p00_b1p41/20260226-122845_p64_i2500#502
0_c30_a1p00_b1p41,0,3,1.0771994212719422,0.0771994212719422,0,0,0.9867289947683605,1.0,1.000001340298798,12.830370072333801,1.3467797397862324e-11,0.7081652442366884,0.7081652442366884,True,architecture_rule,experiments/0_c30_a1p00_b1p41/20260226-122845_p64_i2500#502
0_c30_a1p00_b1p41,0,3,1.0771994212719422,0.0771994212719422,0,0,0.9867289947683605,1.0,1.000001340298798,12.830370072333801,1.3467797397862324e-11,0.7081652442366884,0.7081652442366884,True,architecture_rule,output_oldold/experiments/0_c30_a1p00_b1p41/20260226-125913_p64_i2500#502
0_c30_a1p00_b1p41,0,3,1.0771994212719422,0.0771994212719422,0,0,0.9867289947683605,1.0,1.000001340298798,12.830370072333801,1.3467797397862324e-11,0.7081652442366884,0.7081652442366884,True,architecture_rule,experiments/0_c30_a1p00_b1p41/20260226-125913_p64_i2500#502
B30B_c30_a1p00_b1p00,B30B,3,0.5571741571838484,-0.1094925094828185,10,6,2.1583127843510232e-07,0.0037800952599735373,292.3515498562951,8.888274386861067,14.269370847009847,2.9345282006265294,2.587793087860766,True,architecture_rule,experiments/B30B_c30_a1p00_b1p00/20260224-171609_p64_i2500#40
B30B_c30_a1p00_b1p00,B30B,3,0.5571741571838484,-0.1094925094828185,10,6,2.1583127843510232e-07,0.0037800952599735373,292.3515498562951,8.888274386861067,14.269370847009847,2.9345282006265294,2.587793087860766,True,architecture_rule,output_old/experiments/B30B_c30_a1p00_b1p00/20260224-171609_p64_i2500#40
B30B_c30_a1p00_b1p00,B30B,3,0.5571741571838484,-0.1094925094828185,10,6,2.1583127843510232e-07,0.0037800952599735373,292.3515498562951,8.888274386861067,14.269370847009847,2.9345282006265294,2.587793087860766,True,architecture_rule,output_oldold/experiments/B30B_c30_a1p00_b1p00/20260224-171609_p64_i2500#40
B30B_c30_a1p00_b1p00,B30B,3,0.5826713189896505,-0.0839953476770164,10,6,5.196188513545724e-07,0.0025422901432910336,69.02193810906803,8.668193684769427,14.169608334974418,2.830465784425419,2.6275849433360516,True,architecture_rule,experiments/B30B_c30_a1p00_b1p00/20260224-173243_p64_i2500#41
B30B_c30_a1p00_b1p00,B30B,3,0.5826713189896505,-0.0839953476770164,10,6,5.196188513545724e-07,0.0025422901432910336,69.02193810906803,8.668193684769427,14.169608334974418,2.830465784425419,2.6275849433360516,True,architecture_rule,output_old/experiments/B30B_c30_a1p00_b1p00/20260224-173243_p64_i2500#41
B30B_c30_a1p00_b1p00,B30B,3,0.5826713189896505,-0.0839953476770164,10,6,5.196188513545724e-07,0.0025422901432910336,69.02193810906803,8.668193684769427,14.169608334974418,2.830465784425419,2.6275849433360516,True,architecture_rule,output_oldold/experiments/B30B_c30_a1p00_b1p00/20260224-173243_p64_i2500#41
B30B_c30_a1p00_b1p00,B30B,3,0.7221918948373173,0.0555252281706503,2,2,0.037533465064685564,0.3243518242049578,8.164428531171051,15.356523925399246,1.9224697731958105,1.1505618887155946,0.6275688832723773,True,core_exact,experiments/B30B_c30_a1p00_b1p00/20260223-001701_p64_i2500#550
B30B_c30_a1p00_b1p00,B30B,3,0.7221918948373173,0.0555252281706503,2,2,0.037533465064685564,0.3243518242049578,8.164428531171051,15.356523925399246,1.9224697731958105,1.1505618887155946,0.6275688832723773,True,core_exact,output_old/experiments/B30B_c30_a1p00_b1p00/20260223-001701_p64_i2500#550
B30B_c30_a1p00_b1p00,B30B,3,0.7221918948373173,0.0555252281706503,2,2,0.037533465064685564,0.3243518242049578,8.164428531171051,15.356523925399246,1.9224697731958105,1.1505618887155946,0.6275688832723773,True,core_exact,output_oldold/experiments/B30B_c30_a1p00_b1p00/20260223-001701_p64_i2500#550
B30B_c30_a1p00_b1p00,B30B,3,0.7295720813624735,0.0629054146958065,14,6,0.06015654611248212,,,15.325070225048494,0.0,0.6662109530043147,4.8373872463751315,False,core_exact,experiments/B30B_c30_a1p00_b1p00/20260222-193833_p64_i2500#957
B30B_c30_a1p00_b1p00,B30B,3,0.7295720813624735,0.0629054146958065,14,6,0.06015654611248212,,,15.325070225048494,0.0,0.6662109530043147,4.8373872463751315,False,core_exact,output_oldold/experiments/B30B_c30_a1p00_b1p00/20260222-193833_p64_i2500#957
B30B_c30_a1p00_b1p00,B30B,3,0.7298612815487362,0.0631946148820692,10,4,0.18955373372265347,0.0032072520075478433,0.01618142044314269,14.617606284885143,11.098244719971312,1.0366081029752707,0.6274647556837801,True,core_exact,experiments/B30B_c30_a1p00_b1p00/20260223-221515_p64_i2500#402
B30B_c30_a1p00_b1p00,B30B,3,0.7298612815487362,0.0631946148820692,10,4,0.18955373372265347,0.0032072520075478433,0.01618142044314269,14.617606284885143,11.098244719971312,1.0366081029752707,0.6274647556837801,True,core_exact,output_oldold/experiments/B30B_c30_a1p00_b1p00/20260223-221515_p64_i2500#402
B30B_c30_a1p41_b1p41,B30B,3,1.00470413288748,0.0451442473748442,6,2,0.0002762592128763819,0.09715312548415382,122.2528949162517,6.590088423931799,7.287188791840605,3.649577402036135,2.070026911432895,True,architecture_rule,experiments/B30B_c30_a1p41_b1p41/20260226-015926_p64_i2500#800
B30B_c30_a1p41_b1p41,B30B,3,1.00470413288748,0.0451442473748442,6,2,0.0002762592128763819,0.09715312548415382,122.2528949162517,6.590088423931799,7.287188791840605,3.649577402036135,2.070026911432895,True,architecture_rule,output_oldold/experiments/B30B_c30_a1p41_b1p41/20260226-015926_p64_i2500#800
B30B_c30_a1p41_b1p41,B30B,3,1.0117812635638517,0.0522213780512159,2,2,0.0750139016077547,0.2463004027400644,3.0301634288752854,14.733518986404919,2.5464185515465827,2.2540637533770256,0.6274764148068517,True,core_exact,experiments/B30B_c30_a1p41_b1p41/20260226-015926_p64_i2500#300
B30B_c30_a1p41_b1p41,B30B,3,1.0117812635638517,0.0522213780512159,2,2,0.0750139016077547,0.2463004027400644,3.0301634288752854,14.733518986404919,2.5464185515465827,2.2540637533770256,0.6274764148068517,True,core_exact,output_oldold/experiments/B30B_c30_a1p41_b1p41/20260226-015926_p64_i2500#300
B30B_c30_a1p41_b1p41,B30B,3,1.018029500257465,0.0584696147448293,0,0,0.9657216545807008,1.0000000000000002,1.0038048584268915,14.200123659348392,8.684267306786106e-08,0.9378138472642346,0.9378138472642346,True,architecture_rule,experiments/B30B_c30_a1p41_b1p41/20260226-012750_p64_i2500#1250
B30B_c30_a1p41_b1p41,B30B,3,1.018029500257465,0.0584696147448293,0,0,0.9657216545807008,1.0000000000000002,1.0038048584268915,14.200123659348392,8.684267306786106e-08,0.9378138472642346,0.9378138472642346,True,architecture_rule,experiments/B30B_c30_a1p41_b1p41/20260226-015926_p64_i2500#1250
B30B_c30_a1p41_b1p41,B30B,3,1.018029500257465,0.0584696147448293,0,0,0.9657216545807008,1.0000000000000002,1.0038048584268915,14.200123659348392,8.684267306786106e-08,0.9378138472642346,0.9378138472642346,True,architecture_rule,output_oldold/experiments/B30B_c30_a1p41_b1p41/20260226-012750_p64_i2500#1250
B30B_c30_a1p41_b1p41,B30B,3,1.018029500257465,0.0584696147448293,0,0,0.9657216545807008,1.0000000000000002,1.0038048584268915,14.200123659348392,8.684267306786106e-08,0.9378138472642346,0.9378138472642346,True,architecture_rule,output_oldold/experiments/B30B_c30_a1p41_b1p41/20260226-015926_p64_i2500#1250
B30_c30_a1p00_b1p41,B30,3,0.7451475009250044,-0.2548524990749956,13,9,1.0032573063546398e-15,2.6734207805417126e-05,23.956875086736677,5.12323676491274,12.00299930860561,3.874513324087568,2.5902237513328292,True,architecture_rule,experiments/B30_c30_a1p00_b1p41/20260221-175753_p64_i2500#64
B30_c30_a1p00_b1p41,B30,3,0.7451475009250044,-0.2548524990749956,13,9,1.0032573063546398e-15,2.6734207805417126e-05,23.956875086736677,5.12323676491274,12.00299930860561,3.874513324087568,2.5902237513328292,True,architecture_rule,experiments/B30_c30_a1p00_b1p41/20260221-182208_p64_i2500#64
B30_c30_a1p00_b1p41,B30,3,0.7451475009250044,-0.2548524990749956,13,9,1.0032573063546398e-15,2.6734207805417126e-05,23.956875086736677,5.12323676491274,12.00299930860561,3.874513324087568,2.5902237513328292,True,architecture_rule,output_old/experiments/B30_c30_a1p00_b1p41/20260221-175753_p64_i2500#64
B30_c30_a1p00_b1p41,B30,3,0.7451475009250044,-0.2548524990749956,13,9,1.0032573063546398e-15,2.6734207805417126e-05,23.956875086736677,5.12323676491274,12.00299930860561,3.874513324087568,2.5902237513328292,True,architecture_rule,output_old/experiments/B30_c30_a1p00_b1p41/20260221-182208_p64_i2500#64
B30_c30_a1p00_b1p41,B30,3,0.7451475009250044,-0.2548524990749956,13,9,1.0032573063546398e-15,2.6734207805417126e-05,23.956875086736677,5.12323676491274,12.00299930860561,3.874513324087568,2.5902237513328292,True,architecture_rule,output_oldold/experiments/B30_c30_a1p00_b1p41/20260221-175753_p64_i2500#64
B30_c30_a1p00_b1p41,B30,3,0.7451475009250044,-0.2548524990749956,13,9,1.0032573063546398e-15,2.6734207805417126e-05,23.956875086736677,5.12323676491274,12.00299930860561,3.874513324087568,2.5902237513328292,True,architecture_rule,output_oldold/experiments/B30_c30_a1p00_b1p41/20260221-182208_p64_i2500#64
B30_c30_a1p00_b1p41,B30,3,1.108867519339944,0.1088675193399439,0,0,0.9516233720642995,1.0,1.0307373755609694,11.951130433271281,0.0,0.9044800083478617,0.9044800083478617,True,architecture_rule,experiments/B30_c30_a1p00_b1p41/20260221-175753_p64_i2500#19
B30_c30_a1p00_b1p41,B30,3,1.108867519339944,0.1088675193399439,0,0,0.9516233720642995,1.0,1.0307373755609694,11.951130433271281,0.0,0.9044800083478617,0.9044800083478617,True,architecture_rule,output_old/experiments/B30_c30_a1p00_b1p41/20260221-175753_p64_i2500#19
B30_c30_a1p00_b1p41,B30,3,1.108867519339944,0.1088675193399439,0,0,0.9516233720642995,1.0,1.0307373755609694,11.951130433271281,0.0,0.9044800083478617,0.9044800083478617,True,architecture_rule,output_oldold/experiments/B30_c30_a1p00_b1p41/20260221-175753_p64_i2500#19
B30_c30_a1p00_b1p41,B30,3,1.112000714255338,0.112000714255338,0,0,0.978931035029474,1.0,1.0042489904824012,11.904140637443636,0.0,0.9040527541558505,0.9040527541558505,True,architecture_rule,experiments/B30_c30_a1p00_b1p41/20260221-175753_p64_i2500#18
B30_c30_a1p00_b1p41,B30,3,1.112000714255338,0.112000714255338,0,0,0.978931035029474,1.0,1.0042489904824012,11.904140637443636,0.0,0.9040527541558505,0.9040527541558505,True,architecture_rule,output_old/experiments/B30_c30_a1p00_b1p41/20260221-175753_p64_i2500#18
B30_c30_a1p00_b1p41,B30,3,1.112000714255338,0.112000714255338,0,0,0.978931035029474,1.0,1.0042489904824012,11.904140637443636,0.0,0.9040527541558505,0.9040527541558505,True,architecture_rule,output_oldold/experiments/B30_c30_a1p00_b1p41/20260221-175753_p64_i2500#18
B30_c30_a1p41_b1p41,B30,3,0.6936027465507556,-0.2659571389618801,13,9,3.892043441880952e-16,1.8292005500397972e-05,13.910374448912348,4.93300070116342,11.835160661377435,3.746866786250026,2.5102347671762546,True,architecture_rule,output_old/experiments/B30_c30_a1p41_b1p41/20260224-095158_p64_i2500#2051
B30_c30_a1p41_b1p41,B30,3,0.6936027465507556,-0.2659571389618801,13,9,3.892043441880952e-16,1.8292005500397972e-05,13.910374448912348,4.93300070116342,11.835160661377435,3.746866786250026,2.5102347671762546,True,architecture_rule,output_oldold/experiments/B30_c30_a1p41_b1p41/20260224-095158_p64_i2500#2051
B30_c30_a1p41_b1p41,B30,3,0.6936027465507556,-0.2659571389618801,13,9,3.892043441880952e-16,1.8292005500397972e-05,13.910374448912348,4.93300070116342,11.835160661377435,3.746866786250026,2.5102347671762546,True,architecture_rule,output_old/experiments/B30_c30_a1p41_b1p41/20260224-103500_p64_i2500#2052
B30_c30_a1p41_b1p41,B30,3,0.6936027465507556,-0.2659571389618801,13,9,3.892043441880952e-16,1.8292005500397972e-05,13.910374448912348,4.93300070116342,11.835160661377435,3.746866786250026,2.5102347671762546,True,architecture_rule,output_oldold/experiments/B30_c30_a1p41_b1p41/20260224-103500_p64_i2500#2052
B30_c30_a1p41_b1p41,B30,3,0.6936027465507556,-0.2659571389618801,13,9,3.892043441880952e-16,1.8292005500397972e-05,13.910374448912348,4.93300070116342,11.835160661377435,3.746866786250026,2.5102347671762546,True,architecture_rule,experiments/B30_c30_a1p41_b1p41/20260224-103500_p64_i2500#2053
B30_c30_a1p41_b1p41,B30,3,0.6936027465507556,-0.2659571389618801,13,9,3.892043441880952e-16,1.8292005500397972e-05,13.910374448912348,4.93300070116342,11.835160661377435,3.746866786250026,2.5102347671762546,True,architecture_rule,experiments/B30_c30_a1p41_b1p41/20260224-103500_p64_i2500#2052
B30_c30_a1p41_b1p41,B30,3,0.6936027465507556,-0.2659571389618801,13,9,3.892043441880952e-16,1.8292005500397972e-05,13.910374448912348,4.93300070116342,11.835160661377435,3.746866786250026,2.5102347671762546,True,architecture_rule,output_oldold/experiments/B30_c30_a1p41_b1p41/20260224-103500_p64_i2500#2053
B30_c30_a1p41_b1p41,B30,3,0.6936027465507556,-0.2659571389618801,13,9,3.892043441880952e-16,1.8292005500397972e-05,13.910374448912348,4.93300070116342,11.835160661377435,3.746866786250026,2.5102347671762546,True,architecture_rule,experiments/B30_c30_a1p41_b1p41/20260224-095158_p64_i2500#2051
B30_c30_a1p41_b1p41,B30,3,0.9167408826356824,-0.0428190028769531,11,5,1.0579391949214337e-07,0.0025856495808428024,0.7069619265384269,7.07953486554173,10.338593794692843,3.988658140135076,3.524680296804245,True,architecture_rule,experiments/B30_c30_a1p41_b1p41/20260224-095158_p64_i2500#800
B30_c30_a1p41_b1p41,B30,3,0.9167408826356824,-0.0428190028769531,11,5,1.0579391949214337e-07,0.0025856495808428024,0.7069619265384269,7.07953486554173,10.338593794692843,3.988658140135076,3.524680296804245,True,architecture_rule,experiments/B30_c30_a1p41_b1p41/20260224-103500_p64_i2500#803
B30_c30_a1p41_b1p41,B30,3,0.9167408826356824,-0.0428190028769531,11,5,1.0579391949214337e-07,0.0025856495808428024,0.7069619265384269,7.07953486554173,10.338593794692843,3.988658140135076,3.524680296804245,True,architecture_rule,experiments/B30_c30_a1p41_b1p41/20260224-103500_p64_i2500#800
B30_c30_a1p41_b1p41,B30,3,0.9167408826356824,-0.0428190028769531,11,5,1.0579391949214337e-07,0.0025856495808428024,0.7069619265384269,7.07953486554173,10.338593794692843,3.988658140135076,3.524680296804245,True,architecture_rule,output_old/experiments/B30_c30_a1p41_b1p41/20260224-095158_p64_i2500#800
B30_c30_a1p41_b1p41,B30,3,0.9167408826356824,-0.0428190028769531,11,5,1.0579391949214337e-07,0.0025856495808428024,0.7069619265384269,7.07953486554173,10.338593794692843,3.988658140135076,3.524680296804245,True,architecture_rule,output_oldold/experiments/B30_c30_a1p41_b1p41/20260224-103500_p64_i2500#803
B30_c30_a1p41_b1p41,B30,3,0.9167408826356824,-0.0428190028769531,11,5,1.0579391949214337e-07,0.0025856495808428024,0.7069619265384269,7.07953486554173,10.338593794692843,3.988658140135076,3.524680296804245,True,architecture_rule,output_old/experiments/B30_c30_a1p41_b1p41/20260224-103500_p64_i2500#800
B30_c30_a1p41_b1p41,B30,3,0.9167408826356824,-0.0428190028769531,11,5,1.0579391949214337e-07,0.0025856495808428024,0.7069619265384269,7.07953486554173,10.338593794692843,3.988658140135076,3.524680296804245,True,architecture_rule,output_oldold/experiments/B30_c30_a1p41_b1p41/20260224-103500_p64_i2500#800
B30_c30_a1p41_b1p41,B30,3,0.9167408826356824,-0.0428190028769531,11,5,1.0579391949214337e-07,0.0025856495808428024,0.7069619265384269,7.07953486554173,10.338593794692843,3.988658140135076,3.524680296804245,True,architecture_rule,output_old/experiments/B30_c30_a1p41_b1p41/20260224-103500_p64_i2500#803
B30_c30_a1p41_b1p41,B30,3,0.9167408826356824,-0.0428190028769531,11,5,1.0579391949214337e-07,0.0025856495808428024,0.7069619265384269,7.07953486554173,10.338593794692843,3.988658140135076,3.524680296804245,True,architecture_rule,output_oldold/experiments/B30_c30_a1p41_b1p41/20260224-095158_p64_i2500#800
B30_c30_a1p41_b1p41,B30,3,0.93692063214693,-0.0226392533657056,11,5,1.5130192586039935e-07,0.0025481287833569277,0.6157490182274344,6.838438442114209,10.126794896565881,3.8482263561102146,3.4304180408992524,True,architecture_rule,experiments/B30_c30_a1p41_b1p41/20260224-095158_p64_i2500#801
B30_c30_a1p41_b1p41,B30,3,0.93692063214693,-0.0226392533657056,11,5,1.5130192586039935e-07,0.0025481287833569277,0.6157490182274344,6.838438442114209,10.126794896565881,3.8482263561102146,3.4304180408992524,True,architecture_rule,output_oldold/experiments/B30_c30_a1p41_b1p41/20260224-095158_p64_i2500#803
B30_c30_a1p41_b1p41,B30,3,0.93692063214693,-0.0226392533657056,11,5,1.5130192586039935e-07,0.0025481287833569277,0.6157490182274344,6.838438442114209,10.126794896565881,3.8482263561102146,3.4304180408992524,True,architecture_rule,output_oldold/experiments/B30_c30_a1p41_b1p41/20260224-095158_p64_i2500#801
B30_c30_a1p41_b1p41,B30,3,0.93692063214693,-0.0226392533657056,11,5,1.5130192586039935e-07,0.0025481287833569277,0.6157490182274344,6.838438442114209,10.126794896565881,3.8482263561102146,3.4304180408992524,True,architecture_rule,output_old/experiments/B30_c30_a1p41_b1p41/20260224-103500_p64_i2500#801
B30_c30_a1p41_b1p41,B30,3,0.93692063214693,-0.0226392533657056,11,5,1.5130192586039935e-07,0.0025481287833569277,0.6157490182274344,6.838438442114209,10.126794896565881,3.8482263561102146,3.4304180408992524,True,architecture_rule,experiments/B30_c30_a1p41_b1p41/20260224-095158_p64_i2500#803
B30_c30_a1p41_b1p41,B30,3,0.93692063214693,-0.0226392533657056,11,5,1.5130192586039935e-07,0.0025481287833569277,0.6157490182274344,6.838438442114209,10.126794896565881,3.8482263561102146,3.4304180408992524,True,architecture_rule,output_old/experiments/B30_c30_a1p41_b1p41/20260224-095158_p64_i2500#803
B30_c30_a1p41_b1p41,B30,3,0.93692063214693,-0.0226392533657056,11,5,1.5130192586039935e-07,0.0025481287833569277,0.6157490182274344,6.838438442114209,10.126794896565881,3.8482263561102146,3.4304180408992524,True,architecture_rule,output_old/experiments/B30_c30_a1p41_b1p41/20260224-095158_p64_i2500#801
B30_c30_a1p41_b1p41,B30,3,0.93692063214693,-0.0226392533657056,11,5,1.5130192586039935e-07,0.0025481287833569277,0.6157490182274344,6.838438442114209,10.126794896565881,3.8482263561102146,3.4304180408992524,True,architecture_rule,experiments/B30_c30_a1p41_b1p41/20260224-103500_p64_i2500#801
B30_c30_a1p41_b1p41,B30,3,0.93692063214693,-0.0226392533657056,11,5,1.5130192586039935e-07,0.0025481287833569277,0.6157490182274344,6.838438442114209,10.126794896565881,3.8482263561102146,3.4304180408992524,True,architecture_rule,output_oldold/experiments/B30_c30_a1p41_b1p41/20260224-103500_p64_i2500#801
B30_c30_a1p41_b1p41,B30,3,1.0040664426712858,0.04450655715865,11,5,5.904088933329859e-07,0.0021120083959159475,0.45833173164996754,6.378565714476697,9.578723488881293,3.381081570179812,2.90738817508992,True,architecture_rule,experiments/B30_c30_a1p41_b1p41/20260224-103500_p64_i2500#802
B30_c30_a1p41_b1p41,B30,3,1.0040664426712858,0.04450655715865,11,5,5.904088933329859e-07,0.0021120083959159475,0.45833173164996754,6.378565714476697,9.578723488881293,3.381081570179812,2.90738817508992,True,architecture_rule,output_oldold/experiments/B30_c30_a1p41_b1p41/20260224-095158_p64_i2500#802
B30_c30_a1p41_b1p41,B30,3,1.0040664426712858,0.04450655715865,11,5,5.904088933329859e-07,0.0021120083959159475,0.45833173164996754,6.378565714476697,9.578723488881293,3.381081570179812,2.90738817508992,True,architecture_rule,output_oldold/experiments/B30_c30_a1p41_b1p41/20260224-103500_p64_i2500#802
B30_c30_a1p41_b1p41,B30,3,1.0040664426712858,0.04450655715865,11,5,5.904088933329859e-07,0.0021120083959159475,0.45833173164996754,6.378565714476697,9.578723488881293,3.381081570179812,2.90738817508992,True,architecture_rule,experiments/B30_c30_a1p41_b1p41/20260224-095158_p64_i2500#802
